-- Generation time: Thu, 19 Dec 2019 09:19:00 +0000
-- Host: mysql.hostinger.ro
-- DB name: u574849695_23
/*!40030 SET NAMES UTF8 */;
/*!40101 SET @OLD_CHARACTER_SET_CLIENT=@@CHARACTER_SET_CLIENT */;
/*!40101 SET @OLD_CHARACTER_SET_RESULTS=@@CHARACTER_SET_RESULTS */;
/*!40101 SET @OLD_COLLATION_CONNECTION=@@COLLATION_CONNECTION */;
/*!40103 SET @OLD_TIME_ZONE=@@TIME_ZONE */;
/*!40103 SET TIME_ZONE='+00:00' */;
/*!40014 SET @OLD_UNIQUE_CHECKS=@@UNIQUE_CHECKS, UNIQUE_CHECKS=0 */;
/*!40014 SET @OLD_FOREIGN_KEY_CHECKS=@@FOREIGN_KEY_CHECKS, FOREIGN_KEY_CHECKS=0 */;
/*!40101 SET @OLD_SQL_MODE=@@SQL_MODE, SQL_MODE='NO_AUTO_VALUE_ON_ZERO' */;
/*!40111 SET @OLD_SQL_NOTES=@@SQL_NOTES, SQL_NOTES=0 */;

DROP TABLE IF EXISTS `communities`;
CREATE TABLE `communities` (
  `id` bigint(20) unsigned NOT NULL AUTO_INCREMENT,
  `name` varchar(150) COLLATE utf8_unicode_ci DEFAULT NULL,
  PRIMARY KEY (`id`),
  KEY `communities_name_idx` (`name`)
) ENGINE=InnoDB AUTO_INCREMENT=101 DEFAULT CHARSET=utf8 COLLATE=utf8_unicode_ci;

INSERT INTO `communities` VALUES ('53','accusantium'),
('12','ad'),
('40','alias'),
('44','assumenda'),
('20','aut'),
('57','aut'),
('92','aut'),
('32','beatae'),
('94','delectus'),
('83','dolor'),
('99','dolor'),
('82','doloremque'),
('15','dolores'),
('27','doloribus'),
('68','eos'),
('50','est'),
('79','est'),
('7','et'),
('9','et'),
('11','et'),
('16','et'),
('25','et'),
('76','et'),
('77','et'),
('78','et'),
('97','ex'),
('14','exercitationem'),
('31','explicabo'),
('67','facere'),
('38','fugit'),
('52','harum'),
('75','harum'),
('65','id'),
('36','illum'),
('64','impedit'),
('23','in'),
('26','in'),
('22','incidunt'),
('18','ipsam'),
('95','ipsam'),
('41','iste'),
('84','iusto'),
('47','libero'),
('4','magnam'),
('1','magni'),
('51','maiores'),
('6','modi'),
('39','molestiae'),
('90','molestiae'),
('55','molestias'),
('87','nam'),
('33','necessitatibus'),
('86','non'),
('88','non'),
('24','nostrum'),
('54','nulla'),
('10','odio'),
('48','odit'),
('60','officia'),
('62','omnis'),
('74','optio'),
('98','perferendis'),
('63','possimus'),
('29','praesentium'),
('96','praesentium'),
('19','qui'),
('34','qui'),
('43','qui'),
('71','quidem'),
('37','quis'),
('42','quis'),
('49','quis'),
('30','quo'),
('100','quod'),
('35','ratione'),
('46','ratione'),
('21','reprehenderit'),
('45','rerum'),
('59','rerum'),
('70','rerum'),
('89','rerum'),
('69','saepe'),
('8','sapiente'),
('91','sapiente'),
('2','sed'),
('28','sed'),
('61','sint'),
('66','sint'),
('3','sit'),
('13','sit'),
('5','sunt'),
('17','tenetur'),
('58','totam'),
('72','ut'),
('80','ut'),
('73','velit'),
('81','vitae'),
('93','vitae'),
('85','voluptates'),
('56','voluptatum'); 


DROP TABLE IF EXISTS `companies_name`;
CREATE TABLE `companies_name` (
  `id` bigint(20) unsigned NOT NULL AUTO_INCREMENT,
  `company_name` varchar(100) COLLATE utf8_unicode_ci DEFAULT NULL,
  PRIMARY KEY (`id`),
  KEY `companies_name_idx` (`company_name`)
) ENGINE=InnoDB AUTO_INCREMENT=101 DEFAULT CHARSET=utf8 COLLATE=utf8_unicode_ci;

INSERT INTO `companies_name` VALUES ('29','Adams-Conn'),
('43','Aufderhar-Reilly'),
('8','Bahringer and Sons'),
('93','Bahringer Group'),
('51','Barton Inc'),
('91','Beatty Group'),
('100','Beer, Batz and Wisozk'),
('31','Bins, Nader and Conn'),
('33','Blick-Rolfson'),
('15','Boehm and Sons'),
('32','Botsford-Metz'),
('1','Brekke-Beatty'),
('14','Bruen-Crooks'),
('69','Bruen, Labadie and Cummerata'),
('4','Buckridge-Homenick'),
('34','Carroll-Thiel'),
('88','Carter Inc'),
('27','Christiansen-Stiedemann'),
('21','Corwin, Ziemann and Lockman'),
('82','Crist Group'),
('52','Cruickshank-Lowe'),
('7','Cummings Inc'),
('66','D\'Amore and Sons'),
('95','Daugherty, Wyman and Rolfson'),
('57','Deckow Group'),
('70','Dicki, Gleichner and Johnston'),
('55','Dietrich, Effertz and Welch'),
('99','Doyle and Sons'),
('94','DuBuque Ltd'),
('92','Ebert-Roob'),
('20','Emmerich, Koss and Rice'),
('98','Fahey, Ondricka and King'),
('65','Feil, Ondricka and Kessler'),
('67','Flatley, Wuckert and Jaskolski'),
('30','Frami, Padberg and Kuphal'),
('45','Franecki-Goyette'),
('5','Gerhold-Padberg'),
('54','Grant and Sons'),
('2','Greenfelder Inc'),
('72','Gutkowski Ltd'),
('73','Gutmann-Sawayn'),
('11','Hansen, Klocko and Nitzsche'),
('80','Hartmann Group'),
('90','Hauck-Smith'),
('81','Hegmann and Sons'),
('19','Hettinger Group'),
('6','Hilll, Gerhold and Hansen'),
('53','Hoeger, Dach and Towne'),
('83','King-Huels'),
('77','Kirlin Inc'),
('79','Koch-Cummerata'),
('84','Kris Inc'),
('62','Kub Ltd'),
('18','Kuphal, Howell and Boyer'),
('86','Lakin, Osinski and Johnson'),
('61','Lebsack PLC'),
('96','Lesch-Bechtelar'),
('48','Lueilwitz Group'),
('36','Marks, Douglas and Goldner'),
('97','Marquardt-Bergnaum'),
('75','McCullough Group'),
('74','McCullough-Corwin'),
('76','Mertz Inc'),
('28','Mills Inc'),
('49','Mitchell, Schroeder and Heller'),
('24','Moen-Howe'),
('22','Murazik, Stark and Eichmann'),
('56','O\'Conner PLC'),
('10','O\'Kon, Schumm and Witting'),
('26','Purdy Ltd'),
('87','Renner, Runte and Pouros'),
('38','Reynolds-Kunze'),
('68','Rippin, Davis and Ledner'),
('58','Ritchie Group'),
('46','Roberts, Casper and Cronin'),
('35','Rogahn-Gerlach'),
('9','Rolfson, Boyle and Jacobs'),
('89','Roob and Sons'),
('13','Ruecker-Rosenbaum'),
('40','Runte Ltd'),
('60','Sanford Group'),
('41','Schaefer-Rice'),
('85','Schimmel Ltd'),
('59','Schinner and Sons'),
('71','Schinner and Sons'),
('23','Schmitt, Stokes and Hackett'),
('16','Spinka Inc'),
('3','Stark, Marquardt and McKenzie'),
('63','Turcotte Ltd'),
('17','Turner, Predovic and Streich'),
('39','Ullrich, Gorczany and Konopelski'),
('50','Weimann, Hettinger and Borer'),
('25','Welch, Predovic and O\'Conner'),
('47','White Ltd'),
('42','Wilderman-McClure'),
('37','Will LLC'),
('64','Willms, Mante and Hills'),
('78','Wisoky, Mante and Hessel'),
('12','Ziemann LLC'),
('44','Zieme Ltd'); 


DROP TABLE IF EXISTS `education`;
CREATE TABLE `education` (
  `id` bigint(20) unsigned NOT NULL AUTO_INCREMENT,
  `name_id` bigint(20) unsigned NOT NULL,
  `person_name` varchar(250) COLLATE utf8_unicode_ci DEFAULT NULL,
  `name_of_university` varchar(250) COLLATE utf8_unicode_ci DEFAULT NULL,
  `faculty` varchar(250) COLLATE utf8_unicode_ci DEFAULT NULL,
  `start_education` date DEFAULT NULL,
  `end_education` date DEFAULT NULL,
  PRIMARY KEY (`id`),
  KEY `name_id` (`name_id`),
  CONSTRAINT `education_ibfk_1` FOREIGN KEY (`name_id`) REFERENCES `profile` (`id`)
) ENGINE=InnoDB AUTO_INCREMENT=101 DEFAULT CHARSET=utf8 COLLATE=utf8_unicode_ci;

INSERT INTO `education` VALUES ('1','1','sapiente','qui','a','2014-04-20','1999-06-27'),
('2','2','qui','ab','eligendi','1995-04-04','1987-05-12'),
('3','3','laudantium','praesentium','vero','1986-06-18','1978-03-14'),
('4','4','sit','dolore','porro','2006-05-09','1999-08-06'),
('5','5','quas','quis','vel','2004-10-31','2007-05-15'),
('6','6','nostrum','nostrum','vel','1997-09-02','1985-03-02'),
('7','7','ut','hic','tenetur','1985-02-09','2014-10-25'),
('8','8','maxime','sint','tempora','1991-07-25','1998-05-12'),
('9','9','ea','temporibus','esse','1986-04-23','1987-04-01'),
('10','10','eligendi','repellat','ducimus','1983-01-23','1990-11-20'),
('11','11','corrupti','facere','id','2019-09-02','1990-01-18'),
('12','12','ab','quis','repudiandae','1998-04-19','2016-03-12'),
('13','13','qui','id','inventore','1976-07-08','2006-06-27'),
('14','14','dignissimos','veniam','quia','1976-04-19','1971-12-22'),
('15','15','dignissimos','a','aut','1974-05-02','1979-08-08'),
('16','16','nihil','incidunt','beatae','2001-02-26','2000-02-04'),
('17','17','consequatur','libero','harum','1985-02-15','2019-04-30'),
('18','18','vero','debitis','et','1971-05-11','1986-11-02'),
('19','19','hic','omnis','dolor','2001-06-17','1975-08-07'),
('20','20','error','voluptates','molestias','2002-04-27','1993-03-12'),
('21','21','totam','sit','ut','1986-05-16','1986-09-01'),
('22','22','vel','quia','qui','1990-05-12','2007-10-13'),
('23','23','ut','ut','consequuntur','1991-06-03','2011-07-19'),
('24','24','est','culpa','molestias','1980-12-15','2008-02-11'),
('25','25','corporis','harum','ad','2011-06-02','2000-07-05'),
('26','26','deleniti','rerum','doloremque','1991-01-04','1977-01-26'),
('27','27','beatae','cumque','repellat','2007-04-10','1970-03-19'),
('28','28','voluptatum','eos','dicta','2006-02-11','1988-06-17'),
('29','29','quidem','adipisci','architecto','2011-10-29','1999-04-14'),
('30','30','non','dolorum','odio','1970-11-21','1975-07-19'),
('31','31','et','est','ea','1985-08-15','1976-09-12'),
('32','32','corrupti','perferendis','aliquid','1993-06-28','1982-05-19'),
('33','33','est','aperiam','accusamus','1990-09-20','1998-06-09'),
('34','34','voluptatibus','non','voluptatibus','2012-11-25','2011-09-17'),
('35','35','dolore','culpa','consectetur','1994-12-13','1981-11-07'),
('36','36','enim','odit','nihil','1985-06-12','1999-06-28'),
('37','37','dolor','quae','sit','1993-12-08','1986-01-24'),
('38','38','inventore','reiciendis','atque','2019-06-12','1995-09-27'),
('39','39','non','tenetur','cupiditate','2006-08-03','1974-07-14'),
('40','40','in','enim','porro','1972-03-10','2001-08-16'),
('41','41','quis','sit','et','1997-01-03','1992-11-27'),
('42','42','qui','hic','dolore','1997-02-10','1998-08-09'),
('43','43','optio','esse','ducimus','1981-08-02','1975-01-11'),
('44','44','excepturi','itaque','dolores','1989-08-18','1992-03-13'),
('45','45','architecto','dolores','eligendi','1970-09-26','2007-01-30'),
('46','46','est','voluptatem','expedita','1996-05-04','2014-03-08'),
('47','47','illo','in','fugiat','1994-03-27','2011-11-01'),
('48','48','id','quia','est','2012-10-23','1991-03-25'),
('49','49','tempora','placeat','dolor','1988-10-08','1988-03-25'),
('50','50','quae','accusantium','itaque','1976-11-08','1980-07-27'),
('51','51','exercitationem','non','eum','1997-12-13','1998-04-08'),
('52','52','consequatur','sunt','soluta','2002-05-15','2000-04-27'),
('53','53','voluptatem','sunt','vel','2018-07-29','1974-02-18'),
('54','54','ipsa','harum','nam','1984-01-07','2000-04-02'),
('55','55','optio','ab','iusto','1980-02-18','1980-02-27'),
('56','56','reiciendis','nemo','aperiam','2009-09-22','1998-05-15'),
('57','57','officia','beatae','et','2018-09-18','2013-01-12'),
('58','58','omnis','et','molestiae','1993-09-23','2000-04-11'),
('59','59','et','sint','ut','1978-10-06','1985-05-02'),
('60','60','sint','corrupti','reprehenderit','1974-09-01','1972-10-14'),
('61','61','est','nam','quasi','2013-10-11','2008-09-02'),
('62','62','veniam','sequi','explicabo','2013-07-28','2011-01-13'),
('63','63','assumenda','nam','et','1988-04-10','2013-12-07'),
('64','64','voluptatum','at','a','2016-01-18','1980-11-30'),
('65','65','qui','nesciunt','perspiciatis','2007-04-21','2016-04-14'),
('66','66','vitae','voluptate','nihil','2015-02-05','2017-11-20'),
('67','67','voluptatem','quaerat','nihil','2007-01-31','1984-02-18'),
('68','68','non','praesentium','voluptas','1976-06-27','2003-02-07'),
('69','69','voluptatum','quo','ab','2010-10-19','2012-11-13'),
('70','70','tempora','voluptatem','inventore','1975-06-22','1984-10-21'),
('71','71','ea','minima','est','2003-09-27','2012-02-18'),
('72','72','officia','sit','possimus','1993-02-03','1973-06-11'),
('73','73','ut','quae','provident','1984-05-22','1981-08-15'),
('74','74','minima','ipsa','ea','1993-03-06','1984-03-13'),
('75','75','saepe','quas','beatae','1976-09-18','2002-01-30'),
('76','76','quam','sed','et','1978-08-18','1970-02-25'),
('77','77','minus','architecto','enim','2014-04-26','2007-01-14'),
('78','78','qui','est','asperiores','1988-07-25','1970-10-06'),
('79','79','et','voluptas','eum','1984-03-24','1980-01-19'),
('80','80','aut','qui','et','1970-12-31','2018-04-13'),
('81','81','est','soluta','repellat','1977-01-16','1982-11-24'),
('82','82','molestiae','voluptatibus','dolor','1971-11-20','2014-03-02'),
('83','83','placeat','dolorem','consequatur','1989-10-21','1980-02-12'),
('84','84','reiciendis','consectetur','exercitationem','2007-12-05','2003-02-14'),
('85','85','error','minus','et','1973-02-10','2018-06-29'),
('86','86','et','ullam','quaerat','1979-10-04','2006-10-26'),
('87','87','nihil','asperiores','repudiandae','2002-01-21','1988-06-23'),
('88','88','quia','fuga','quidem','2004-02-04','2018-01-22'),
('89','89','iure','doloremque','voluptate','1983-02-02','1984-02-09'),
('90','90','consequuntur','quos','qui','2012-12-19','1982-03-03'),
('91','91','mollitia','commodi','optio','1983-06-25','1976-02-21'),
('92','92','quo','cupiditate','possimus','1983-11-25','1996-11-13'),
('93','93','adipisci','autem','cum','2006-06-25','1993-01-11'),
('94','94','possimus','est','accusamus','1980-07-04','2003-02-28'),
('95','95','adipisci','unde','ullam','1991-11-22','1971-08-08'),
('96','96','eveniet','quia','nisi','2017-02-09','1999-10-12'),
('97','97','asperiores','ullam','ipsa','1978-05-02','1992-04-17'),
('98','98','incidunt','iste','quae','2006-10-19','1993-09-09'),
('99','99','quasi','a','dolores','1987-10-31','1982-06-30'),
('100','100','ut','deleniti','nam','2012-04-03','2018-05-21'); 


DROP TABLE IF EXISTS `facebook_friends`;
CREATE TABLE `facebook_friends` (
  `user_id` bigint(20) unsigned NOT NULL,
  `friend_id` bigint(20) unsigned NOT NULL,
  PRIMARY KEY (`user_id`,`friend_id`),
  KEY `friend_id` (`friend_id`),
  CONSTRAINT `facebook_friends_ibfk_1` FOREIGN KEY (`user_id`) REFERENCES `profile` (`id`),
  CONSTRAINT `facebook_friends_ibfk_2` FOREIGN KEY (`friend_id`) REFERENCES `list_facebook_friends` (`id`)
) ENGINE=InnoDB DEFAULT CHARSET=utf8 COLLATE=utf8_unicode_ci;

INSERT INTO `facebook_friends` VALUES ('1','1'),
('2','2'),
('3','3'),
('4','4'),
('5','5'),
('6','6'),
('7','7'),
('8','8'),
('9','9'),
('10','10'),
('11','11'),
('12','12'),
('13','13'),
('14','14'),
('15','15'),
('16','16'),
('17','17'),
('18','18'),
('19','19'),
('20','20'),
('21','21'),
('22','22'),
('23','23'),
('24','24'),
('25','25'),
('26','26'),
('27','27'),
('28','28'),
('29','29'),
('30','30'),
('31','31'),
('32','32'),
('33','33'),
('34','34'),
('35','35'),
('36','36'),
('37','37'),
('38','38'),
('39','39'),
('40','40'),
('41','41'),
('42','42'),
('43','43'),
('44','44'),
('45','45'),
('46','46'),
('47','47'),
('48','48'),
('49','49'),
('50','50'),
('51','51'),
('52','52'),
('53','53'),
('54','54'),
('55','55'),
('56','56'),
('57','57'),
('58','58'),
('59','59'),
('60','60'),
('61','61'),
('62','62'),
('63','63'),
('64','64'),
('65','65'),
('66','66'),
('67','67'),
('68','68'),
('69','69'),
('70','70'),
('71','71'),
('72','72'),
('73','73'),
('74','74'),
('75','75'),
('76','76'),
('77','77'),
('78','78'),
('79','79'),
('80','80'),
('81','81'),
('82','82'),
('83','83'),
('84','84'),
('85','85'),
('86','86'),
('87','87'),
('88','88'),
('89','89'),
('90','90'),
('91','91'),
('92','92'),
('93','93'),
('94','94'),
('95','95'),
('96','96'),
('97','97'),
('98','98'),
('99','99'),
('100','100'); 


DROP TABLE IF EXISTS `fin_statements`;
CREATE TABLE `fin_statements` (
  `id` bigint(20) unsigned NOT NULL AUTO_INCREMENT,
  `company_f_id` bigint(20) unsigned NOT NULL,
  `year` date DEFAULT NULL,
  `revenue` bigint(20) DEFAULT NULL,
  `gross_profit` bigint(20) DEFAULT NULL,
  `ebitda` bigint(20) DEFAULT NULL,
  `net_income` bigint(20) DEFAULT NULL,
  `fixed_assets` bigint(20) DEFAULT NULL,
  `current_assets` bigint(20) DEFAULT NULL,
  `current_liabilities` bigint(20) DEFAULT NULL,
  `lt_liabilities` bigint(20) DEFAULT NULL,
  `equity` bigint(20) DEFAULT NULL,
  PRIMARY KEY (`id`),
  KEY `company_f_id` (`company_f_id`),
  CONSTRAINT `fin_statements_ibfk_1` FOREIGN KEY (`company_f_id`) REFERENCES `companies_name` (`id`)
) ENGINE=InnoDB AUTO_INCREMENT=101 DEFAULT CHARSET=utf8 COLLATE=utf8_unicode_ci;

INSERT INTO `fin_statements` VALUES ('1','1','2016-03-08','6','1','8','5','3','2','4','8','3'),
('2','2','2009-10-01','9','4','7','7','2','2','1','2','9'),
('3','3','2008-09-04','7','4','6','2','3','9','7','6','3'),
('4','4','2001-05-18','4','4','9','8','8','6','6','7','4'),
('5','5','1987-04-21','9','8','4','8','4','3','2','5','9'),
('6','6','2001-08-02','5','5','4','4','4','6','8','9','2'),
('7','7','1985-02-04','2','8','4','3','8','5','4','5','7'),
('8','8','1985-05-13','4','1','8','1','3','6','7','5','6'),
('9','9','2011-02-23','4','2','7','7','7','6','4','8','8'),
('10','10','2001-06-03','2','6','3','3','9','9','2','5','6'),
('11','11','2003-09-20','2','2','5','3','5','3','3','5','9'),
('12','12','1990-08-08','9','7','7','7','6','8','9','3','2'),
('13','13','1994-10-13','5','2','2','4','8','3','3','7','4'),
('14','14','2001-06-04','6','7','4','1','3','5','9','9','2'),
('15','15','2013-12-27','5','9','1','9','3','4','7','3','4'),
('16','16','2017-11-28','4','7','5','4','6','3','1','9','7'),
('17','17','1985-05-25','9','8','4','6','8','5','1','4','3'),
('18','18','2008-05-14','4','1','5','4','8','6','3','1','6'),
('19','19','1992-11-08','2','1','8','5','2','4','2','4','7'),
('20','20','2005-03-18','2','4','2','1','3','2','4','4','5'),
('21','21','2014-05-28','9','5','7','6','2','8','4','9','1'),
('22','22','2018-03-06','4','2','6','3','3','8','9','3','8'),
('23','23','1976-10-12','9','5','7','2','4','3','9','3','5'),
('24','24','2005-05-01','9','3','9','7','6','3','6','6','8'),
('25','25','1989-02-21','1','3','2','3','6','8','4','3','7'),
('26','26','1999-08-29','7','4','4','3','3','7','9','9','4'),
('27','27','1989-05-10','9','2','7','1','6','3','7','5','2'),
('28','28','1981-07-25','4','6','5','1','3','1','6','8','7'),
('29','29','2011-08-03','5','4','1','1','6','6','2','7','4'),
('30','30','1997-12-01','6','3','1','2','6','5','5','5','3'),
('31','31','1997-06-16','4','6','2','7','7','3','1','6','1'),
('32','32','2001-08-30','7','4','9','9','7','4','5','1','4'),
('33','33','2009-01-19','9','2','9','9','2','1','8','7','4'),
('34','34','1998-10-29','8','9','4','4','2','2','8','8','2'),
('35','35','1985-09-28','1','1','1','4','3','1','3','6','3'),
('36','36','1992-03-08','5','9','3','3','3','3','2','6','8'),
('37','37','2010-02-01','6','3','1','9','9','9','1','4','1'),
('38','38','1976-02-07','8','4','6','9','9','8','5','2','2'),
('39','39','2008-02-01','7','9','2','8','6','9','2','9','1'),
('40','40','1994-10-22','8','1','2','4','3','9','8','7','2'),
('41','41','2011-11-04','7','1','9','6','7','1','9','2','7'),
('42','42','2013-11-18','2','8','4','8','9','3','6','3','6'),
('43','43','2001-09-18','1','5','2','5','3','8','6','2','4'),
('44','44','1982-07-08','4','9','8','7','7','3','9','9','6'),
('45','45','2009-03-28','9','3','5','1','6','8','7','6','4'),
('46','46','1999-07-16','1','9','7','8','1','4','9','7','7'),
('47','47','2003-08-06','8','4','5','3','8','9','8','5','7'),
('48','48','1981-04-19','8','7','1','8','7','9','8','2','7'),
('49','49','1992-08-01','9','6','8','4','6','1','9','2','3'),
('50','50','1975-03-24','7','1','5','5','3','9','3','7','7'),
('51','51','2012-05-09','8','9','3','2','9','6','7','8','4'),
('52','52','2001-08-04','4','9','3','5','9','7','1','5','9'),
('53','53','2010-10-23','7','4','6','9','2','2','9','4','7'),
('54','54','2006-04-11','9','9','7','4','9','8','8','5','3'),
('55','55','1999-03-08','3','3','6','2','5','2','7','6','4'),
('56','56','2013-02-11','6','4','4','3','9','1','4','2','8'),
('57','57','1996-10-14','8','4','2','7','6','5','2','3','4'),
('58','58','2008-07-07','6','8','4','6','6','8','5','2','1'),
('59','59','1976-12-17','6','4','9','5','1','6','3','3','5'),
('60','60','1984-05-20','7','5','9','1','7','8','8','3','5'),
('61','61','2012-11-21','5','1','2','8','1','6','2','9','5'),
('62','62','1999-05-07','4','2','3','8','1','7','9','3','4'),
('63','63','1982-09-10','2','5','7','2','5','4','2','7','4'),
('64','64','1974-11-24','9','2','1','1','2','5','8','5','7'),
('65','65','2007-06-28','6','8','4','4','6','9','9','8','5'),
('66','66','1997-09-10','8','5','5','8','5','4','9','7','7'),
('67','67','2006-06-12','2','2','2','5','9','1','2','5','6'),
('68','68','2018-07-01','8','4','6','6','5','1','6','2','5'),
('69','69','1980-11-11','1','6','4','6','5','6','8','8','5'),
('70','70','2015-04-26','5','9','1','7','5','9','8','1','8'),
('71','71','2015-02-08','5','4','1','1','3','6','1','1','3'),
('72','72','1971-10-24','9','8','5','4','9','2','3','6','8'),
('73','73','1999-01-31','4','9','1','6','6','1','3','5','4'),
('74','74','2010-09-07','6','2','8','1','1','1','2','8','2'),
('75','75','1976-09-01','3','9','3','5','4','6','3','4','9'),
('76','76','1987-04-01','4','3','2','2','2','1','7','4','9'),
('77','77','1986-12-05','1','3','1','7','6','7','4','2','8'),
('78','78','2017-06-17','6','9','6','3','4','4','2','3','6'),
('79','79','1985-11-08','4','7','3','4','2','3','3','3','2'),
('80','80','1993-06-12','9','9','9','4','5','7','9','5','3'),
('81','81','1977-11-04','3','8','2','2','4','8','7','8','3'),
('82','82','2014-02-04','2','5','7','6','4','7','5','3','8'),
('83','83','2007-02-11','3','3','7','6','3','8','9','1','3'),
('84','84','2007-07-06','1','5','4','3','6','6','6','9','7'),
('85','85','2015-09-02','7','6','9','4','4','2','8','1','3'),
('86','86','1977-10-29','2','4','6','6','8','6','9','2','2'),
('87','87','2018-12-13','8','4','2','4','9','3','8','4','6'),
('88','88','2013-03-06','8','5','5','8','9','7','4','3','9'),
('89','89','1983-09-01','2','1','4','5','1','1','8','3','5'),
('90','90','1996-04-26','3','9','1','4','9','3','6','5','3'),
('91','91','1995-01-27','4','5','7','5','2','5','4','4','4'),
('92','92','1995-06-29','7','4','6','6','7','5','5','6','6'),
('93','93','2014-09-20','2','9','3','5','5','7','3','6','4'),
('94','94','2016-02-04','6','5','4','5','1','8','3','5','7'),
('95','95','1989-06-08','7','7','5','9','5','9','3','4','2'),
('96','96','1970-10-14','6','5','1','7','8','6','9','7','6'),
('97','97','1971-07-17','9','9','2','2','5','3','8','9','1'),
('98','98','1980-05-02','8','3','6','6','1','7','6','2','8'),
('99','99','1990-11-14','3','9','5','4','9','4','1','3','1'),
('100','100','1979-10-21','5','9','1','7','3','3','8','2','2'); 


DROP TABLE IF EXISTS `likes`;
CREATE TABLE `likes` (
  `id` bigint(20) unsigned NOT NULL AUTO_INCREMENT,
  `user_id` bigint(20) unsigned NOT NULL,
  `media_id` bigint(20) unsigned NOT NULL,
  `created_at` datetime DEFAULT current_timestamp(),
  PRIMARY KEY (`id`),
  KEY `user_id` (`user_id`),
  KEY `media_id` (`media_id`),
  CONSTRAINT `likes_ibfk_1` FOREIGN KEY (`user_id`) REFERENCES `profile` (`id`),
  CONSTRAINT `likes_ibfk_2` FOREIGN KEY (`media_id`) REFERENCES `news` (`id`)
) ENGINE=InnoDB AUTO_INCREMENT=101 DEFAULT CHARSET=utf8 COLLATE=utf8_unicode_ci;

INSERT INTO `likes` VALUES ('1','1','1','2007-10-05 12:26:36'),
('2','2','2','2001-06-05 22:13:30'),
('3','3','3','2005-01-21 20:44:40'),
('4','4','4','1974-02-14 19:51:09'),
('5','5','5','1976-06-05 23:30:02'),
('6','6','6','2007-02-09 01:36:57'),
('7','7','7','1970-01-07 09:09:01'),
('8','8','8','1995-07-10 12:00:33'),
('9','9','9','1999-01-08 12:09:55'),
('10','10','10','2011-09-11 03:28:12'),
('11','11','11','2002-03-11 18:56:33'),
('12','12','12','1997-12-25 02:54:05'),
('13','13','13','1988-02-24 02:39:41'),
('14','14','14','1982-09-19 16:07:44'),
('15','15','15','1997-04-30 16:49:18'),
('16','16','16','1998-01-02 11:32:06'),
('17','17','17','1994-03-12 04:21:25'),
('18','18','18','1989-11-13 21:19:25'),
('19','19','19','2009-06-29 01:49:38'),
('20','20','20','1983-07-09 16:49:19'),
('21','21','21','2013-06-08 01:18:04'),
('22','22','22','1987-06-04 19:33:03'),
('23','23','23','1975-10-01 00:39:50'),
('24','24','24','1971-05-12 21:49:19'),
('25','25','25','2008-11-22 03:34:52'),
('26','26','26','2005-09-25 01:55:12'),
('27','27','27','2008-09-26 18:39:43'),
('28','28','28','1978-09-14 23:02:25'),
('29','29','29','1975-07-18 16:17:32'),
('30','30','30','2015-06-28 03:00:57'),
('31','31','31','1983-11-22 01:56:45'),
('32','32','32','2003-06-26 15:43:45'),
('33','33','33','2017-08-04 00:14:14'),
('34','34','34','1979-07-24 03:13:21'),
('35','35','35','2015-12-01 13:47:12'),
('36','36','36','1995-05-22 07:02:50'),
('37','37','37','1986-01-04 14:34:15'),
('38','38','38','1984-02-11 11:20:50'),
('39','39','39','1975-12-08 01:26:43'),
('40','40','40','2001-06-06 02:53:48'),
('41','41','41','1991-04-12 12:07:29'),
('42','42','42','1989-07-11 16:00:37'),
('43','43','43','1973-01-31 15:01:08'),
('44','44','44','1994-10-04 11:53:16'),
('45','45','45','1987-11-07 11:47:40'),
('46','46','46','1987-08-28 12:22:01'),
('47','47','47','2016-01-31 17:35:38'),
('48','48','48','2014-01-15 16:41:10'),
('49','49','49','1983-03-02 13:30:56'),
('50','50','50','1974-05-22 18:23:18'),
('51','51','51','1981-07-01 18:07:07'),
('52','52','52','1973-05-29 15:15:32'),
('53','53','53','1991-04-11 14:19:40'),
('54','54','54','2012-12-30 00:18:46'),
('55','55','55','1976-08-03 05:30:28'),
('56','56','56','2013-09-12 23:57:22'),
('57','57','57','2016-03-03 09:02:48'),
('58','58','58','1991-12-12 12:07:24'),
('59','59','59','2006-02-28 09:07:28'),
('60','60','60','1976-04-06 03:36:08'),
('61','61','61','1990-09-20 22:18:31'),
('62','62','62','1976-07-15 06:17:52'),
('63','63','63','2017-11-18 09:59:26'),
('64','64','64','1999-11-02 09:39:12'),
('65','65','65','2002-05-19 16:15:46'),
('66','66','66','1994-06-12 02:37:33'),
('67','67','67','1985-03-09 12:38:04'),
('68','68','68','1998-11-17 08:17:11'),
('69','69','69','2016-07-11 03:52:45'),
('70','70','70','2006-03-16 12:17:12'),
('71','71','71','2008-03-23 01:39:50'),
('72','72','72','1982-05-12 18:48:57'),
('73','73','73','1992-03-24 08:21:52'),
('74','74','74','1977-01-18 09:05:16'),
('75','75','75','1971-02-28 06:21:11'),
('76','76','76','1975-05-13 15:59:29'),
('77','77','77','1974-07-06 13:01:44'),
('78','78','78','2001-05-19 09:05:32'),
('79','79','79','1997-02-12 14:17:19'),
('80','80','80','2009-02-18 20:24:22'),
('81','81','81','1977-08-12 17:24:49'),
('82','82','82','2001-09-24 21:33:22'),
('83','83','83','2019-02-22 04:37:13'),
('84','84','84','1987-09-23 03:05:34'),
('85','85','85','1976-03-25 01:43:59'),
('86','86','86','1985-02-15 06:55:38'),
('87','87','87','1990-11-15 04:19:25'),
('88','88','88','2005-04-18 08:41:19'),
('89','89','89','2009-05-01 17:13:10'),
('90','90','90','1979-10-26 16:01:11'),
('91','91','91','1994-10-07 03:56:55'),
('92','92','92','2005-08-23 09:07:33'),
('93','93','93','1986-05-17 00:47:31'),
('94','94','94','2010-04-17 23:32:25'),
('95','95','95','2019-03-18 05:48:52'),
('96','96','96','2010-04-01 10:12:05'),
('97','97','97','1992-06-13 02:54:32'),
('98','98','98','2009-08-01 08:53:15'),
('99','99','99','1999-07-14 00:56:33'),
('100','100','100','2010-02-19 05:35:11'); 


DROP TABLE IF EXISTS `list_facebook_friends`;
CREATE TABLE `list_facebook_friends` (
  `id` bigint(20) unsigned NOT NULL AUTO_INCREMENT,
  `name_friends` varchar(255) COLLATE utf8_unicode_ci DEFAULT NULL,
  PRIMARY KEY (`id`),
  KEY `list_facebook_friends` (`name_friends`)
) ENGINE=InnoDB AUTO_INCREMENT=101 DEFAULT CHARSET=utf8 COLLATE=utf8_unicode_ci;

INSERT INTO `list_facebook_friends` VALUES ('24','accusamus'),
('19','amet'),
('57','amet'),
('38','animi'),
('44','aperiam'),
('70','architecto'),
('16','assumenda'),
('14','atque'),
('73','aut'),
('6','beatae'),
('49','blanditiis'),
('71','consequatur'),
('72','consequatur'),
('61','consequuntur'),
('58','corrupti'),
('60','culpa'),
('79','culpa'),
('10','cum'),
('20','cum'),
('67','debitis'),
('68','debitis'),
('34','delectus'),
('13','dignissimos'),
('22','distinctio'),
('88','dolor'),
('50','dolore'),
('93','dolorem'),
('36','doloremque'),
('81','doloremque'),
('37','dolores'),
('42','dolores'),
('15','doloribus'),
('66','earum'),
('52','enim'),
('74','enim'),
('21','esse'),
('62','est'),
('4','et'),
('46','et'),
('82','et'),
('95','et'),
('99','et'),
('32','exercitationem'),
('59','facere'),
('87','facilis'),
('53','fuga'),
('3','fugiat'),
('54','harum'),
('12','hic'),
('76','incidunt'),
('1','iste'),
('9','iste'),
('33','iste'),
('2','iure'),
('92','labore'),
('45','laboriosam'),
('47','laboriosam'),
('97','magni'),
('85','modi'),
('8','molestiae'),
('41','natus'),
('29','neque'),
('65','neque'),
('51','officia'),
('91','omnis'),
('11','optio'),
('55','perferendis'),
('78','possimus'),
('80','possimus'),
('30','quaerat'),
('17','qui'),
('27','qui'),
('90','quia'),
('100','quod'),
('18','quos'),
('64','quos'),
('35','rem'),
('25','repellat'),
('77','repellendus'),
('23','reprehenderit'),
('56','repudiandae'),
('94','rerum'),
('96','rerum'),
('39','saepe'),
('48','sed'),
('89','sed'),
('5','similique'),
('98','soluta'),
('40','sunt'),
('86','sunt'),
('28','tenetur'),
('7','totam'),
('83','vel'),
('84','velit'),
('43','veniam'),
('75','veritatis'),
('69','vero'),
('26','voluptas'),
('31','voluptatibus'),
('63','voluptatibus'); 


DROP TABLE IF EXISTS `media_source`;
CREATE TABLE `media_source` (
  `id` bigint(20) unsigned NOT NULL AUTO_INCREMENT,
  `source_name` varchar(255) COLLATE utf8_unicode_ci DEFAULT NULL,
  PRIMARY KEY (`id`)
) ENGINE=InnoDB AUTO_INCREMENT=13 DEFAULT CHARSET=utf8 COLLATE=utf8_unicode_ci;

INSERT INTO `media_source` VALUES ('1','iste'),
('2','cupiditate'),
('3','perferendis'),
('4','quia'),
('5','dolorum'),
('6','dolor'),
('7','quod'),
('8','culpa'),
('9','similique'),
('10','optio'),
('11','ratione'),
('12','et'); 


DROP TABLE IF EXISTS `media_types`;
CREATE TABLE `media_types` (
  `id` bigint(20) unsigned NOT NULL AUTO_INCREMENT,
  `media_name` varchar(255) COLLATE utf8_unicode_ci DEFAULT NULL,
  PRIMARY KEY (`id`)
) ENGINE=InnoDB AUTO_INCREMENT=7 DEFAULT CHARSET=utf8 COLLATE=utf8_unicode_ci;

INSERT INTO `media_types` VALUES ('1','natus'),
('2','repellendus'),
('3','dolor'),
('4','iure'),
('5','esse'),
('6','velit'); 


DROP TABLE IF EXISTS `news`;
CREATE TABLE `news` (
  `id` bigint(20) unsigned NOT NULL AUTO_INCREMENT,
  `news_date` date DEFAULT NULL,
  `news_body` text COLLATE utf8_unicode_ci DEFAULT NULL,
  `media_file` varchar(255) COLLATE utf8_unicode_ci DEFAULT NULL,
  `news_link` varchar(1000) COLLATE utf8_unicode_ci DEFAULT NULL,
  `media_n_id` bigint(20) unsigned NOT NULL,
  `media_source_n_id` bigint(20) unsigned NOT NULL,
  `type_of_news` varchar(50) COLLATE utf8_unicode_ci DEFAULT NULL,
  `news_owner` bigint(20) unsigned NOT NULL,
  PRIMARY KEY (`id`),
  KEY `news` (`news_owner`),
  KEY `media_n_id` (`media_n_id`),
  KEY `media_source_n_id` (`media_source_n_id`),
  CONSTRAINT `news_ibfk_1` FOREIGN KEY (`news_owner`) REFERENCES `profile` (`id`),
  CONSTRAINT `news_ibfk_2` FOREIGN KEY (`media_n_id`) REFERENCES `media_types` (`id`),
  CONSTRAINT `news_ibfk_3` FOREIGN KEY (`media_source_n_id`) REFERENCES `media_source` (`id`)
) ENGINE=InnoDB AUTO_INCREMENT=101 DEFAULT CHARSET=utf8 COLLATE=utf8_unicode_ci;

INSERT INTO `news` VALUES ('1','2014-09-02','Ut corporis nobis eos tempore neque aut. Qui laboriosam qui consequatur nisi nam laborum vel optio. Commodi eligendi ut sit aut odit nobis.','application/x-chat','http://considinereichel.com/','1','1','enim','1'),
('2','1974-07-01','Dolores incidunt reiciendis laborum sequi dolor minus. Neque possimus sed quis natus ea et. Harum nemo quam dignissimos temporibus beatae. Ut porro eum ducimus nam hic sit repellendus.','image/x-xpixmap','http://www.ziemann.info/','2','2','modi','2'),
('3','1979-11-20','Aut non tenetur maiores incidunt aut libero laborum. Et consequuntur quis dolorum maxime earum maxime minima. Cum consequuntur nihil explicabo a quia illo.','application/vnd.ms-lrm','http://www.oreilly.com/','3','3','ipsum','3'),
('4','1980-03-11','Reiciendis reiciendis tempore et nam eligendi. Qui voluptates corporis non et quo. Error eveniet aut voluptate. Veritatis omnis deleniti cumque quod quod dolores maiores.','application/vnd.dece.data','http://www.lehnerpowlowski.com/','4','4','rerum','4'),
('5','1998-01-10','Placeat est voluptatem eveniet porro provident. Cum minima sint non. Quia sit alias necessitatibus alias. Excepturi sit enim velit ducimus.','application/vnd.openxmlformats-officedocument.spreadsheetml.template','http://www.kuhn.com/','5','5','fugiat','5'),
('6','1992-09-29','In recusandae aliquam asperiores aut fugiat voluptatibus debitis. Molestiae temporibus quia possimus aut officiis exercitationem. Vel et et est repudiandae vel nihil delectus.','application/pdf','http://braun.com/','6','6','qui','6'),
('7','1977-08-04','Itaque eos qui nihil dolores. Quibusdam rerum expedita voluptate ut. Alias sunt odio similique illo iusto numquam dolor. Sequi molestiae enim quas dolore sit incidunt odit.','application/xspf+xml','http://bartell.com/','1','7','sint','7'),
('8','1971-02-14','Maiores sed accusamus tenetur. Voluptas veritatis itaque corporis temporibus rerum. Perferendis et omnis nihil deserunt porro ab.','application/vnd.openxmlformats-officedocument.wordprocessingml.template','http://kemmer.com/','2','8','molestias','8'),
('9','2017-05-23','Harum aut minima nam nulla eum. Debitis voluptate laborum enim et magni. Commodi ipsum ullam eius. Deserunt ipsa exercitationem mollitia nihil non consequuntur minus. Voluptatem veritatis nihil placeat nam molestiae autem quia exercitationem.','application/vnd.ibm.minipay','http://www.roberts.com/','3','9','ut','9'),
('10','1976-05-31','Soluta tempora aspernatur excepturi iusto iste natus est rerum. Est praesentium enim reiciendis ut. Mollitia veniam fugiat aut sit rerum similique quia maiores. Quaerat mollitia excepturi architecto aut voluptatem.','application/xv+xml','http://osinskitorphy.info/','4','10','ad','10'),
('11','1989-11-01','Quasi cupiditate eos sint. Omnis eos perferendis voluptatum eligendi adipisci sit. Eaque est aliquid cum rem tenetur. Sit dolorum natus omnis et.','text/vnd.dvb.subtitle','http://dickens.info/','5','11','odit','11'),
('12','2011-05-21','A quas quam ratione iure omnis cumque alias. Porro dignissimos hic recusandae aut vitae suscipit aspernatur. Praesentium quia tenetur modi dicta consectetur explicabo. Sint rerum enim asperiores accusamus omnis dolorem enim explicabo.','image/x-portable-pixmap','http://www.beahan.com/','6','12','molestias','12'),
('13','2016-06-08','Voluptates exercitationem voluptas blanditiis. Et quo cumque neque nihil aut eum. Odio quisquam dolore vitae sequi soluta animi ut ipsam. Et repudiandae hic magni et.','application/omdoc+xml','http://denesik.com/','1','1','delectus','13'),
('14','1973-12-16','Cupiditate dicta qui aperiam debitis sed. Maiores officiis ipsa et ipsa. Error ipsum dolorem quasi facilis aperiam explicabo.','image/x-xwindowdump','http://www.gutmann.com/','2','2','et','14'),
('15','1987-01-30','Vel libero itaque impedit quia libero quas maiores. Eveniet qui ad qui rerum possimus dolorem sit. Similique magni praesentium aliquid enim. Modi natus ex quibusdam at sed porro est.','application/wsdl+xml','http://gutmann.biz/','3','3','sint','15'),
('16','2014-08-14','Eligendi aliquid cupiditate hic minima enim dolor tempore. Quo voluptatem laudantium fugit ad. Impedit fugiat labore qui cumque recusandae. Ipsa sit amet et explicabo.','application/vnd.uiq.theme','http://www.collinskoch.org/','4','4','nisi','16'),
('17','1985-07-16','Rerum quia sunt ut velit sit. Ut est et sequi sint. Qui magnam rerum quo adipisci magni. Distinctio sit occaecati minima quia maxime aut qui.','application/x-msdownload','http://hermiston.com/','5','5','dolorem','17'),
('18','1991-12-05','Dolorum necessitatibus possimus voluptatum aut commodi est maiores. Nostrum autem qui et est aut tempora. Qui sit hic id laborum voluptas aut nihil labore. Et alias voluptas non ullam aut deleniti.','model/vnd.vtu','http://kreigerankunding.info/','6','6','veniam','18'),
('19','1993-12-11','Voluptatem dolor saepe explicabo consequuntur corporis rem blanditiis. Voluptatum laudantium odio veritatis veritatis numquam beatae quia quaerat. Tempora aut porro inventore et eum incidunt. Dolores laborum facilis ut assumenda autem.','application/vnd.ms-powerpoint.slide.macroenabled.12','http://www.grant.com/','1','7','enim','19'),
('20','2001-09-03','Fugiat voluptas harum est aut. Minima quas nisi neque iure eum excepturi. Sunt quidem aut laudantium odio beatae.','application/vnd.dvb.ait','http://www.marquardtpfeffer.com/','2','8','maxime','20'),
('21','2012-07-14','Expedita sit accusamus modi et modi. Blanditiis voluptatum voluptas et eveniet eius nesciunt. Assumenda optio aliquam exercitationem mollitia similique sed. Quis sed tenetur et eos tempore magni nostrum.','application/x-xpinstall','http://www.moore.info/','3','9','animi','21'),
('22','1982-12-16','Iure et iste culpa et sequi id quia. Omnis sed distinctio tempora cumque quia est laborum dolore. Architecto illum repellat facilis occaecati nam. Repellat cumque voluptatem qui quis.','image/vnd.wap.wbmp','http://bodeoconnell.com/','4','10','libero','22'),
('23','2014-12-23','Sunt doloremque mollitia veritatis a quia id esse. Libero voluptatibus quis nesciunt omnis. Ut atque voluptas aut adipisci atque fugit quo. Voluptate vero quaerat adipisci corporis corporis iste.','application/pkixcmp','http://www.goodwin.com/','5','11','optio','23'),
('24','2005-02-02','Molestiae non eligendi veniam. Et facilis sequi reprehenderit tempora voluptatum maiores optio. Perspiciatis voluptate fugit rerum iusto facere eos maxime.','application/x-lzh-compressed','http://www.steuber.com/','6','12','magni','24'),
('25','1983-03-31','Itaque voluptatibus rerum aliquam commodi. Harum consequatur eius sint assumenda et.','application/vnd.kidspiration','http://prosacco.biz/','1','1','sunt','25'),
('26','1984-07-28','Sed id dolorum ab laborum. Laborum hic at recusandae libero nostrum et. Mollitia molestiae ratione rerum ut nulla harum id.','application/x-ms-xbap','http://harveywiza.org/','2','2','id','26'),
('27','2003-07-06','Explicabo quo quas sed minus modi. Velit et architecto cum qui non ut voluptate. Nam nemo quidem sunt ipsa voluptates.','text/csv','http://www.goldner.com/','3','3','eligendi','27'),
('28','1972-10-21','Omnis quos assumenda deserunt id. Maiores iure enim voluptatem vitae. Dolores ex doloribus beatae natus deserunt. Tempora et iusto possimus vitae sed qui dolorem a. Quia pariatur deserunt dolore quod.','application/x-t3vm-image','http://www.okuneva.info/','4','4','nihil','28'),
('29','2009-08-15','Ut nihil dolorum assumenda sint consequatur et nam. Animi laudantium autem nihil corporis iste officia. Voluptatum ut molestias ducimus aut at distinctio.','application/vnd.ms-works','http://kuvalis.com/','5','5','fuga','29'),
('30','1995-02-13','Eveniet aut aut delectus autem. Odit eos magni sunt aut impedit sequi nemo. Necessitatibus ut nam sed quas. Aut consequatur est voluptatibus repellat modi fuga qui.','application/xenc+xml','http://www.schmeler.com/','6','6','exercitationem','30'),
('31','1982-08-09','Nulla labore autem aut rerum tempora. Consequatur autem accusantium ut accusamus. Rerum magni ipsa ea dolorum et.','image/vnd.fujixerox.edmics-rlc','http://franecki.com/','1','7','odit','31'),
('32','1982-12-28','Aliquid voluptatibus ab molestias fugit sit sed quos. Commodi rerum aut itaque dolorem exercitationem incidunt. Vel hic quisquam culpa distinctio.','video/x-ms-wmx','http://www.pfannerstill.com/','2','8','dignissimos','32'),
('33','1981-01-21','Sint ducimus hic quaerat ut. Porro mollitia unde ut velit iusto tenetur. Quas consequatur dignissimos qui dicta rem.','application/vnd.ms-pki.seccat','http://okon.com/','3','9','officiis','33'),
('34','1986-06-02','Tempore est inventore pariatur sit aut vitae aut et. Asperiores ipsa odit quas. Maxime dicta iure odio ut quisquam numquam.','application/vnd.shana.informed.interchange','http://treutel.com/','4','10','qui','34'),
('35','1997-12-30','Id similique ut similique aut suscipit. Quos distinctio est consequatur consequatur. Eum excepturi voluptates ut doloribus officiis nisi rerum.','application/x-font-woff','http://www.schulist.com/','5','11','recusandae','35'),
('36','1983-10-07','Ipsa accusantium iusto fugit minima quae eaque. Similique autem qui cum et dolores. Commodi id doloremque sapiente nihil quia et.','video/vnd.uvvu.mp4','http://www.jacobson.biz/','6','12','commodi','36'),
('37','2011-01-30','Distinctio quia impedit omnis. Omnis et et autem temporibus. Eos saepe et porro mollitia quos. Nam veniam nam doloremque et est ut.','application/x-wais-source','http://kemmerhodkiewicz.org/','1','1','praesentium','37'),
('38','2019-02-12','Tenetur velit eos praesentium voluptatem molestias laudantium eveniet. Incidunt cumque voluptatum maxime cupiditate perferendis. Non doloremque libero quo esse.','application/vnd.epson.esf','http://www.schummberge.org/','2','2','repudiandae','38'),
('39','2001-12-27','Quam et omnis dolor alias reiciendis id. Quisquam molestias dolorem eius enim. Eveniet expedita culpa sint inventore. Debitis facere pariatur laudantium asperiores.','application/x-ms-application','http://www.heathcote.biz/','3','3','vitae','39'),
('40','2009-09-27','Ab quia et voluptas aut blanditiis. Iste alias animi voluptas est consectetur ut dicta. Dolorem culpa quidem est similique qui maiores porro.','application/ecmascript','http://harberkuvalis.com/','4','4','deleniti','40'),
('41','1997-10-11','Et adipisci est ad eum repudiandae temporibus. Sunt eos minima culpa id. Perferendis ut amet soluta voluptas.','application/vnd.oasis.opendocument.image-template','http://quigley.com/','5','5','nobis','41'),
('42','2012-03-13','Eos adipisci aut eos soluta ut. Consequatur totam similique rerum deserunt vitae. Est sint doloremque quia repudiandae sed.','video/h263','http://www.hansen.com/','6','6','et','42'),
('43','1971-07-18','Labore dolorum ut cupiditate esse est vel exercitationem. Placeat ratione ipsa eos.','application/vnd.ms-powerpoint.slide.macroenabled.12','http://wilderman.biz/','1','7','reiciendis','43'),
('44','1986-06-17','Enim distinctio incidunt voluptatem vero est. Nisi illo at recusandae enim et sit. Nesciunt amet aut qui et aut qui maxime. Laudantium non voluptas ea quisquam.','application/vnd.lotus-notes','http://www.mcdermott.org/','2','8','rerum','44'),
('45','2005-01-24','Reiciendis officiis incidunt sint quo perferendis occaecati quia. Ut dolorem eos officia quae officia dolor ullam corporis. Consequatur excepturi sit et quos non. Et et molestiae perspiciatis itaque repellat velit saepe.','application/vnd.semd','http://wolfparisian.info/','3','9','in','45'),
('46','1987-07-10','Dolores magnam sapiente quaerat fugit enim dolores. Labore incidunt quibusdam eligendi sit vero quod aut. Voluptatem ut dolorum perspiciatis omnis.','application/vnd.mseq','http://www.schmittbrekke.com/','4','10','fugiat','46'),
('47','1975-09-10','Sequi quaerat dolorem dolor suscipit laudantium. Est qui harum amet tempora. Possimus ea atque consectetur impedit aliquid.','application/vnd.tao.intent-module-archive','http://volkman.com/','5','11','consequuntur','47'),
('48','1977-10-01','Excepturi ut qui sit ducimus quae beatae quaerat. Quod est voluptate porro sint. Eum adipisci dolor ut maxime fuga voluptas.','video/x-fli','http://www.hudson.com/','6','12','esse','48'),
('49','2006-07-30','Optio culpa repellendus quisquam corrupti tempore. Vitae non inventore corrupti officia est et labore. Rerum rerum omnis ut dolor excepturi ab et.','audio/x-matroska','http://www.grahamcremin.com/','1','1','nisi','49'),
('50','2010-10-11','Expedita quam molestias sequi quas. Rerum ab reiciendis quasi voluptas.','video/x-ms-wm','http://ziemannbins.org/','2','2','consequatur','50'),
('51','2009-10-29','Debitis saepe quo hic enim et. Nemo placeat explicabo rem aperiam non voluptas. Voluptatem a aut earum sit odio molestias.','video/jpeg','http://www.stanton.com/','3','3','molestiae','51'),
('52','2008-07-21','Dolores sed quia nulla. Fuga laudantium omnis atque sed. Consectetur ex molestiae eius voluptatem quod est. Autem esse excepturi ut quam. Molestiae laboriosam non dignissimos amet sapiente eveniet.','application/postscript','http://herzog.biz/','4','4','quia','52'),
('53','1984-10-03','Aperiam ut dolorem tempora aspernatur facere aperiam et dolores. Et blanditiis exercitationem numquam corporis maiores quia doloremque. Ullam molestiae dolores qui dolorem id. Sequi eum odio est vitae qui esse nulla consequatur.','application/vnd.kenameaapp','http://swifthackett.com/','5','5','ab','53'),
('54','2001-10-08','Enim dolorum ad quibusdam beatae quo sapiente et. Voluptatem molestias distinctio est dolorem et aut. Alias voluptatum blanditiis numquam sit.','application/pgp-signature','http://kertzmannkoelpin.com/','6','6','quod','54'),
('55','1976-09-25','Dolorem rerum dicta minus id. Saepe laudantium optio omnis officia qui. Eos ipsam mollitia illum dignissimos in nobis. Molestiae et id maxime velit ea qui accusantium.','application/x-x509-ca-cert','http://www.weissnat.info/','1','7','suscipit','55'),
('56','1972-01-01','Libero aut blanditiis eveniet doloremque. Quis sapiente et pariatur sit itaque. Et voluptas nisi perferendis similique vel. Ut ut qui ratione ratione.','application/java-archive','http://www.grant.biz/','2','8','saepe','56'),
('57','1979-06-14','At quis aut velit sed. Pariatur sunt aliquid magni consequatur qui nihil consequatur corporis. Illo nemo sit illum minima beatae autem. Facere velit saepe veniam molestiae.','image/vnd.djvu','http://frami.com/','3','9','officiis','57'),
('58','2010-02-26','Accusamus id nisi voluptas optio. Alias accusantium ut ut tenetur. Quia eaque vel ut laudantium voluptas quis.','video/h263','http://www.jacobs.com/','4','10','nihil','58'),
('59','2006-11-15','Fuga porro fugiat ut neque a provident qui. Sunt excepturi illum non autem sed suscipit eius dolor. Nesciunt est autem odit fugit perferendis itaque qui quo. Quibusdam omnis omnis consectetur non.','video/vnd.fvt','http://www.hammeskshlerin.com/','5','11','sunt','59'),
('60','1972-03-30','Molestiae occaecati quia et voluptas delectus. Ut facere harum quasi iste est nihil ut inventore. Ut aut quo distinctio ea.','application/vnd.sun.xml.math','http://ryankuhic.com/','6','12','minus','60'),
('61','2010-01-29','Non facilis dolore pariatur officia. Vel amet tenetur voluptas iusto vel provident.','application/vnd.sun.xml.impress','http://www.fisherpagac.org/','1','1','recusandae','61'),
('62','1994-02-06','Sint dolor cupiditate sint reprehenderit quis aperiam impedit. Est suscipit asperiores exercitationem voluptates quos cumque aut. Commodi aut perspiciatis sed maxime. Cumque itaque ullam eius ducimus ad sint tenetur.','application/vnd.stepmania.stepchart','http://franecki.org/','2','2','rerum','62'),
('63','1996-11-15','Ipsum voluptate reiciendis nisi tenetur. Aliquid deleniti consequuntur odit quas amet aut nulla. Quidem dicta quasi consequuntur sit qui. Aut qui optio velit tempora est.','application/xslt+xml','http://bogisich.com/','3','3','velit','63'),
('64','1995-10-10','Aspernatur quo tenetur non cupiditate voluptatum adipisci. Fuga natus totam est rerum soluta et accusamus. Provident quis sunt laborum accusamus quia. Commodi a accusantium dolore fugiat velit ullam.','application/vnd.shana.informed.formdata','http://www.rempelpaucek.net/','4','4','sit','64'),
('65','1992-09-05','Ullam est velit quos similique. Eum enim omnis consequatur dolores id nulla.','text/vnd.dvb.subtitle','http://wintheiser.net/','5','5','dolor','65'),
('66','2006-07-29','Excepturi odit sunt beatae illum maiores voluptas dolor. Quo et dolorem velit porro. Soluta alias alias perspiciatis aut maxime.','image/vnd.djvu','http://www.marvin.com/','6','6','soluta','66'),
('67','1995-06-01','Cumque qui distinctio non sunt quia. Id corrupti iste facilis facere dicta natus eligendi eum.','application/vnd.epson.esf','http://vonharber.com/','1','7','ullam','67'),
('68','2006-07-23','Recusandae nam harum aut facere. Ratione omnis ullam aut autem exercitationem harum. Temporibus qui magni tenetur perferendis harum illum sed.','application/vnd.hydrostatix.sof-data','http://fay.biz/','2','8','voluptate','68'),
('69','2016-07-17','Occaecati aut et nesciunt aut. Nostrum voluptas dignissimos amet rerum et. Ex provident repellat enim ut qui. Recusandae sint omnis nihil rerum.','application/vnd.oasis.opendocument.chart','http://www.fahey.com/','3','9','est','69'),
('70','2006-10-10','Nesciunt voluptas molestias corrupti maxime odio autem voluptatem. Minima optio voluptas amet non praesentium itaque molestiae consequuntur. Architecto officia nihil dolorem doloremque debitis. Harum quis veniam dolorum dolores.','application/reginfo+xml','http://www.jast.com/','4','10','nobis','70'),
('71','1975-10-06','Aut est eum voluptas at debitis atque. Praesentium distinctio reprehenderit fuga delectus. Perferendis dignissimos sit deleniti earum ex consequuntur. Nihil enim qui tenetur fugiat.','application/x-msdownload','http://uptonrowe.com/','5','11','laborum','71'),
('72','1981-11-10','Nihil ut et dolores aut. Qui non nulla facere ut iure doloribus. Nisi et recusandae voluptatum vero quibusdam quaerat.','application/x-glulx','http://shieldssatterfield.com/','6','12','facilis','72'),
('73','2003-12-05','Eos aut alias unde ea asperiores distinctio qui autem. Error amet praesentium soluta optio ut repudiandae voluptates. Fuga ipsa a consequatur totam.','application/x-gnumeric','http://boyle.net/','1','1','minima','73'),
('74','2009-10-23','Voluptatibus quibusdam perferendis numquam consequatur aut modi deserunt. Consequatur autem et sunt necessitatibus. Doloribus atque tenetur soluta est recusandae dignissimos quibusdam.','image/vnd.net-fpx','http://www.okunevawyman.com/','2','2','dicta','74'),
('75','2007-06-03','Ut ea aliquid cum harum hic excepturi aut eum. Itaque expedita dolores quae et. Id autem cum maxime ut temporibus. Minus excepturi tenetur eum nam aut sunt.','application/vnd.dynageo','http://www.bayerbecker.net/','3','3','perspiciatis','75'),
('76','2015-12-14','Fuga sint nihil debitis eligendi. Veniam cumque ullam quidem veniam sunt. Voluptas eligendi quas consequatur exercitationem. Omnis est dolor magnam rerum ipsum quo eligendi similique. Nostrum minima magnam et quidem dolor at asperiores.','application/vnd.sun.xml.calc.template','http://www.emmerich.com/','4','4','laborum','76'),
('77','2003-07-17','Atque ratione in aliquam optio eos ut est consequatur. Qui sunt saepe et pariatur. Laborum quidem eos cumque velit ullam cupiditate. Dolorum et est provident voluptatibus ipsam voluptatem.','video/h261','http://nikolaus.info/','5','5','dolor','77'),
('78','2011-06-04','Sit sed sed hic quidem quia architecto illum aut. Quia placeat ut sed animi voluptatem doloribus exercitationem debitis. Reprehenderit laudantium tempore vel ab libero. Perspiciatis ab perferendis quidem esse enim quidem optio libero.','application/ogg','http://armstrong.org/','6','6','nesciunt','78'),
('79','2015-07-23','Culpa provident ut id ipsa. Sunt consequatur reprehenderit fugit qui facilis aut repudiandae. Eum architecto fugiat rerum dignissimos numquam.','application/vnd.kde.kivio','http://quitzon.org/','1','7','dolore','79'),
('80','2007-11-21','Rerum cumque magnam et necessitatibus temporibus sit. Sed et quia aut. Ex magni est nihil quia delectus. Ratione sed accusamus ad in aut. Maxime voluptates nihil assumenda reiciendis illo ipsa aut.','application/vnd.hal+xml','http://www.bergereinger.info/','2','8','architecto','80'),
('81','1986-09-11','Saepe earum magnam eos quo. Vitae provident vel ullam sunt.','text/vcard','http://www.kovacekberge.info/','3','9','repellendus','81'),
('82','2010-06-16','Quis sed sint amet molestiae libero ea sunt. Deserunt possimus ut vitae non quis voluptates. Ut laboriosam et eos sed voluptas provident repellat.','text/vnd.fmi.flexstor','http://www.murazik.com/','4','10','voluptate','82'),
('83','2007-12-23','Qui rem corrupti eum. Accusantium nulla et exercitationem eum. Soluta non dolore repudiandae praesentium omnis ut et laborum.','application/sbml+xml','http://padbergdickens.net/','5','11','est','83'),
('84','2000-07-18','Magni quod et et eos ea. Omnis nulla et nisi ut voluptatem. Rerum ut ducimus laudantium molestias qui.','application/vnd.ms-officetheme','http://crona.org/','6','12','incidunt','84'),
('85','1974-12-05','Excepturi quibusdam perferendis animi ut. Consectetur qui dolores quis modi minus et dolor. Consequatur sunt ipsam autem molestias velit. Nulla consequatur eos consequatur aspernatur.','application/vnd.tao.intent-module-archive','http://www.fadel.org/','1','1','consequatur','85'),
('86','1973-10-28','Temporibus commodi id veritatis. Et repellendus sint aut ipsum voluptatem earum. Optio qui possimus numquam.','application/java-archive','http://www.johnstonjast.org/','2','2','adipisci','86'),
('87','2007-10-31','Est suscipit ad aliquam repellendus. Totam dignissimos et vel fugit delectus perspiciatis similique. Est aspernatur cupiditate expedita. Molestias veritatis modi officia.','text/sgml','http://tillman.com/','3','3','autem','87'),
('88','1981-09-30','Qui libero laborum aut expedita adipisci ex. Perspiciatis asperiores distinctio nihil voluptatibus quod. Possimus maxime et est est perspiciatis. Voluptate ut rem accusamus.','image/x-xbitmap','http://metzschneider.com/','4','4','fuga','88'),
('89','2016-11-18','Quisquam nihil nisi nihil vero quis. Sit quis ea repudiandae pariatur nemo ipsum et optio. Aut ipsa consectetur ut atque rerum eos.','application/pkixcmp','http://bartell.org/','5','5','nemo','89'),
('90','2015-08-12','Recusandae quia rerum veritatis omnis. Sed perspiciatis harum dolores doloremque. At quibusdam fugit fugiat magni deserunt illo.','video/vnd.mpegurl','http://metz.org/','6','6','impedit','90'),
('91','1995-01-19','Quo natus esse suscipit nemo sit delectus neque. Voluptatibus architecto ab et odit dolorem dolores et. Veniam quia ea doloribus ut quia commodi quidem. Fugit perspiciatis qui qui quos. Ut cumque molestiae rem doloremque exercitationem.','text/calendar','http://www.schumm.com/','1','7','eos','91'),
('92','1986-10-12','Quo ut beatae inventore voluptatem et officiis pariatur. Nam provident rerum voluptate culpa ut at. Quia quidem voluptatem a voluptas. Sequi dicta itaque aut eligendi ratione voluptatem et molestias.','image/vnd.dwg','http://gorczany.info/','2','8','maxime','92'),
('93','1989-06-05','Et quisquam minima minima ex error aspernatur praesentium. Molestiae autem numquam vel est. Velit optio qui ea eum odio.','application/widget','http://www.pfeffer.com/','3','9','quis','93'),
('94','1970-05-08','Velit voluptas similique occaecati atque. Mollitia minima eveniet non delectus placeat et. Ut quia asperiores ex omnis. Voluptates et reiciendis nostrum. Adipisci atque fugiat rerum qui officiis alias dolores.','image/vnd.ms-modi','http://wiegand.org/','4','10','et','94'),
('95','2019-04-11','Quos rerum omnis illo odio. Laboriosam ut non maxime quasi aut alias. Perferendis atque temporibus vitae placeat quia id. Cupiditate eos eos est explicabo minus.','video/x-flv','http://haagupton.com/','5','11','debitis','95'),
('96','2000-07-30','Laudantium velit ex esse quis ipsam laboriosam aspernatur. Et ut ut veniam odit. Excepturi soluta aut numquam quo minima officia. Et voluptas dignissimos voluptatibus rem.','video/jpm','http://tromp.com/','6','12','reprehenderit','96'),
('97','2007-04-06','Facilis ullam ut perferendis eveniet tenetur possimus. Suscipit non optio culpa possimus laboriosam minima. Eum esse nam sed qui expedita eos. Ut error ab eum facilis consectetur.','application/vnd.recordare.musicxml','http://schowalter.com/','1','1','voluptas','97'),
('98','2015-03-19','Recusandae officiis mollitia corporis aut. Dolores culpa et soluta explicabo ipsum id non. Dolore tempora non consequatur sunt quo sit illum.','video/h264','http://kshlerin.com/','2','2','aut','98'),
('99','2014-07-20','Velit ad corrupti dignissimos omnis rerum cumque alias fugiat. Neque rerum omnis magni nihil. Necessitatibus totam ipsa debitis quas culpa molestiae voluptatem cupiditate. Commodi rem sit dignissimos iste id ut.','application/vnd.ms-cab-compressed','http://farrellhansen.com/','3','3','consequuntur','99'),
('100','1982-12-02','Rerum nulla enim quia quas. Iure doloribus tempore ut rerum. Quidem nobis dolor natus dolores eligendi. Corrupti consequuntur ipsum et assumenda in.','application/vnd.ms-xpsdocument','http://nicolas.biz/','4','4','impedit','100'); 


DROP TABLE IF EXISTS `profile`;
CREATE TABLE `profile` (
  `id` bigint(20) unsigned NOT NULL AUTO_INCREMENT,
  `people_name` varchar(250) COLLATE utf8_unicode_ci DEFAULT NULL,
  `bithday` date DEFAULT NULL,
  `gender` char(6) COLLATE utf8_unicode_ci DEFAULT NULL,
  `foto_file` varchar(250) COLLATE utf8_unicode_ci DEFAULT NULL,
  `citizenship` varchar(50) COLLATE utf8_unicode_ci DEFAULT NULL,
  `person_facebook_link` varchar(1000) COLLATE utf8_unicode_ci DEFAULT NULL,
  `person_instagram_link` varchar(1000) COLLATE utf8_unicode_ci DEFAULT NULL,
  `person_twitter_link` varchar(1000) COLLATE utf8_unicode_ci DEFAULT NULL,
  PRIMARY KEY (`id`),
  KEY `profile_idx` (`people_name`)
) ENGINE=InnoDB AUTO_INCREMENT=101 DEFAULT CHARSET=utf8 COLLATE=utf8_unicode_ci;

INSERT INTO `profile` VALUES ('1','officia','1980-10-12','earum','video/x-m4v','omnis','http://wisokyokuneva.com/','http://www.littel.com/','http://www.barton.com/'),
('2','iusto','1971-11-15','et','application/x-rar-compressed','placeat','http://www.ward.org/','http://rice.com/','http://lockmanstreich.com/'),
('3','perferendis','1985-02-11','nisi','application/x-tgif','enim','http://www.gibsonherman.biz/','http://www.macejkovic.com/','http://www.ledner.com/'),
('4','neque','1995-12-05','dolor','text/css','ratione','http://nienowweber.net/','http://www.vonheathcote.com/','http://www.emard.com/'),
('5','officia','2011-04-22','volupt','text/vcard','voluptates','http://shieldsjohnson.com/','http://www.kessler.com/','http://www.jonesjaskolski.com/'),
('6','quae','1983-09-08','aut','application/x-msmetafile','aut','http://flatley.com/','http://www.bayerflatley.net/','http://walker.com/'),
('7','tempore','1990-07-01','beatae','image/x-xwindowdump','voluptatibus','http://www.anderson.biz/','http://www.halvorson.org/','http://www.mclaughlin.com/'),
('8','nihil','1985-08-31','nesciu','application/vnd.openxmlformats-officedocument.wordprocessingml.document','dolores','http://www.jerde.com/','http://www.hicklebechtelar.biz/','http://www.stromanzemlak.com/'),
('9','reiciendis','1987-12-03','et','application/vnd.ezpix-album','quis','http://jastcrooks.com/','http://erdman.net/','http://hilll.com/'),
('10','autem','1995-12-13','pariat','model/x3d+binary','voluptatem','http://kuphal.com/','http://www.altenwerth.com/','http://www.mante.com/'),
('11','aut','2013-06-30','volupt','application/vnd.route66.link66+xml','et','http://www.oconner.com/','http://www.parisianbalistreri.info/','http://volkmanhoppe.org/'),
('12','veritatis','1998-12-08','qui','application/vnd.dece.data','ullam','http://leannonkozey.biz/','http://stoltenberg.com/','http://harvey.org/'),
('13','est','1988-11-19','at','model/x3d+xml','provident','http://www.marquardt.com/','http://www.weber.info/','http://www.vandervort.com/'),
('14','velit','1993-12-13','volupt','image/x-tga','voluptatem','http://harvey.info/','http://flatley.com/','http://olson.com/'),
('15','voluptate','1975-09-19','laboru','text/x-setext','vero','http://boehmrogahn.info/','http://www.huels.info/','http://www.mccullough.com/'),
('16','molestiae','2010-12-12','omnis','application/vnd.fluxtime.clip','quisquam','http://cummings.biz/','http://ondricka.info/','http://www.schultz.com/'),
('17','illo','2002-08-25','est','application/x-xz','distinctio','http://www.rogahn.com/','http://conroy.info/','http://farrell.com/'),
('18','quam','1996-09-21','quos','application/vnd.vcx','quae','http://frami.info/','http://www.christiansen.com/','http://bailey.com/'),
('19','fugit','1992-07-12','eos','application/vnd.adobe.xdp+xml','animi','http://gleason.com/','http://green.com/','http://www.vandervort.biz/'),
('20','incidunt','1986-01-28','volupt','image/vnd.adobe.photoshop','animi','http://www.mann.info/','http://beatty.com/','http://wymanbruen.org/'),
('21','reiciendis','1992-11-05','sint','video/x-sgi-movie','corporis','http://www.braun.com/','http://www.fisherlangosh.com/','http://kuhngraham.net/'),
('22','ex','1987-09-24','et','application/x-tar','quo','http://www.kuhic.com/','http://www.gibson.biz/','http://www.batzhodkiewicz.net/'),
('23','dolores','1984-11-20','omnis','application/x-tgif','magni','http://kovacek.net/','http://www.goyette.com/','http://www.corkery.net/'),
('24','excepturi','2003-07-25','odit','application/x-chat','magnam','http://www.mann.com/','http://johnston.com/','http://runte.com/'),
('25','quo','2000-06-05','ullam','image/vnd.adobe.photoshop','accusantium','http://trantow.net/','http://runte.info/','http://jast.com/'),
('26','culpa','1989-01-14','est','image/vnd.dwg','quo','http://www.grady.info/','http://macejkovic.net/','http://kuvalis.com/'),
('27','labore','2019-07-12','repudi','application/vnd.las.las+xml','id','http://weissnat.org/','http://wisoky.biz/','http://www.waelchi.net/'),
('28','consectetur','2007-07-12','quo','image/jpeg','eos','http://fadel.com/','http://hoppekemmer.com/','http://dicki.org/'),
('29','a','2016-11-20','itaque','application/vnd.route66.link66+xml','qui','http://hellerherzog.com/','http://www.braun.net/','http://haleymedhurst.com/'),
('30','voluptatem','2007-12-23','simili','application/x-cfs-compressed','non','http://www.mclaughlinbruen.com/','http://www.schmidt.com/','http://schustermetz.com/'),
('31','tempore','1979-06-26','et','audio/basic','est','http://www.harrishammes.info/','http://cormierheaney.com/','http://www.rolfson.com/'),
('32','facilis','1995-06-04','sapien','image/x-freehand','quas','http://www.herman.com/','http://gislasonebert.com/','http://www.mills.info/'),
('33','nobis','2011-01-01','nostru','application/x-iso9660-image','non','http://www.mertzprosacco.com/','http://ullrichcorwin.com/','http://www.nolanmraz.com/'),
('34','dolorem','1981-07-02','nihil','application/vnd.ms-excel.template.macroenabled.12','ea','http://klocko.com/','http://www.konopelskilarkin.net/','http://schamberger.com/'),
('35','nulla','1981-01-26','aliqui','text/vnd.sun.j2me.app-descriptor','voluptatem','http://jacobidaugherty.com/','http://weimann.net/','http://nicolasdavis.com/'),
('36','qui','1974-06-23','quia','video/vnd.fvt','rem','http://predovic.com/','http://schadenwolff.com/','http://www.sipes.com/'),
('37','necessitatibus','2009-08-14','distin','application/vnd.ms-powerpoint.template.macroenabled.12','possimus','http://www.stracke.com/','http://stamm.net/','http://www.schneider.com/'),
('38','provident','2016-10-20','ut','application/vnd.epson.msf','eos','http://www.bednar.net/','http://www.ratkemertz.com/','http://wisoky.org/'),
('39','placeat','1975-09-06','ullam','text/vnd.fly','cupiditate','http://crooks.com/','http://gaylordtreutel.com/','http://treutel.com/'),
('40','consequatur','2013-04-12','sed','image/sgi','earum','http://sanfordebert.net/','http://www.lakin.com/','http://www.langworth.org/'),
('41','inventore','1979-07-31','recusa','application/vnd.kde.kivio','nihil','http://www.yost.com/','http://kunze.biz/','http://effertz.com/'),
('42','odit','1989-02-14','ipsum','audio/vnd.dece.audio','et','http://simonis.biz/','http://www.nikolausschumm.info/','http://www.effertzmurazik.info/'),
('43','voluptatibus','2013-10-07','amet','text/plain','facere','http://www.pagacbalistreri.com/','http://powlowski.org/','http://www.harber.com/'),
('44','voluptates','2011-10-06','magni','image/png','sit','http://www.medhurst.info/','http://aufderharmurazik.com/','http://hellerbartoletti.com/'),
('45','quisquam','1984-08-09','dolore','text/plain','consequatur','http://www.robertshermann.com/','http://www.weimannhettinger.net/','http://www.heaney.org/'),
('46','suscipit','1972-03-01','blandi','audio/x-matroska','molestiae','http://lueilwitz.com/','http://www.kingbechtelar.com/','http://hyattkuhic.com/'),
('47','qui','1976-10-03','esse','application/winhlp','et','http://vonruedenheidenreich.com/','http://www.treutelschiller.com/','http://www.simonismccullough.info/'),
('48','aperiam','1973-11-01','evenie','application/vnd.iccprofile','laudantium','http://frami.com/','http://ratke.com/','http://www.bradtke.com/'),
('49','vel','1975-02-16','volupt','application/vnd.epson.quickanime','laudantium','http://bednar.com/','http://koelpin.com/','http://huelschimmel.info/'),
('50','vel','2000-02-06','mollit','image/x-cmx','vero','http://stiedemannwolf.com/','http://www.parisian.biz/','http://dooley.net/'),
('51','incidunt','2002-06-14','sunt','text/x-nfo','quo','http://reichel.com/','http://www.pfannerstill.com/','http://www.lindgrenroberts.com/'),
('52','ab','1984-11-15','aperia','application/mathml+xml','animi','http://konopelskidaugherty.com/','http://www.batz.biz/','http://www.macejkovicgreenfelder.org/'),
('53','rerum','1970-06-05','dolore','application/vnd.ms-pki.seccat','suscipit','http://labadie.com/','http://www.swiftsauer.com/','http://www.kunze.net/'),
('54','ullam','2002-12-18','volupt','application/x-xz','eum','http://www.ortizgrant.com/','http://abbottbogan.com/','http://schaden.com/'),
('55','quam','1977-02-28','eaque','application/mods+xml','ratione','http://www.cummeratamonahan.com/','http://vandervortkautzer.biz/','http://wittingziemann.net/'),
('56','repellat','2001-10-28','conseq','application/vnd.recordare.musicxml+xml','eius','http://schroeder.biz/','http://www.rohan.net/','http://crooksreichert.biz/'),
('57','atque','2018-01-15','illum','application/vnd.kde.kformula','sint','http://hilll.com/','http://kertzmannmills.biz/','http://www.gulgowski.com/'),
('58','autem','1991-11-07','ipsam','application/vnd.oasis.opendocument.text-template','dignissimos','http://www.kuvalis.com/','http://olson.com/','http://www.simoniswuckert.com/'),
('59','ut','1985-08-02','maiore','image/x-rgb','aut','http://haneschmitt.com/','http://www.turner.com/','http://www.steuber.org/'),
('60','qui','2006-02-22','ipsam','audio/vnd.dece.audio','qui','http://kozey.com/','http://lang.com/','http://www.bahringer.info/'),
('61','incidunt','1981-06-04','eaque','image/x-xpixmap','illum','http://www.blick.com/','http://lakinhodkiewicz.com/','http://wilkinsonlueilwitz.com/'),
('62','in','1999-08-01','volupt','video/jpm','quisquam','http://www.hartmann.com/','http://www.sauer.com/','http://www.kub.com/'),
('63','error','1971-01-09','fugit','audio/mp4','commodi','http://collins.org/','http://www.dickinson.com/','http://reynoldswindler.com/'),
('64','qui','2016-05-03','sit','video/x-ms-vob','rerum','http://www.legrosmedhurst.com/','http://www.lesch.com/','http://dietrich.info/'),
('65','ullam','1992-03-23','dolor','application/octet-stream','ipsum','http://www.greenholttorphy.info/','http://kovacekosinski.com/','http://www.murraykoepp.com/'),
('66','quas','1979-03-20','placea','audio/midi','consequatur','http://kiehnheller.com/','http://hirthe.com/','http://www.bednar.net/'),
('67','facilis','2003-07-14','sapien','video/vnd.ms-playready.media.pyv','numquam','http://zemlaktillman.org/','http://www.nienow.com/','http://www.flatley.com/'),
('68','nesciunt','1980-01-31','quisqu','video/x-fli','cum','http://mertz.org/','http://www.buckridge.com/','http://www.beiergoldner.com/'),
('69','ea','2005-05-13','eaque','application/vnd.ms-powerpoint.template.macroenabled.12','accusamus','http://www.schulistaltenwerth.com/','http://www.hane.com/','http://dubuque.biz/'),
('70','et','2003-08-21','aut','application/vnd.oasis.opendocument.graphics','voluptates','http://www.anderson.com/','http://www.prohaska.com/','http://www.pourosfeil.com/'),
('71','corporis','1977-09-01','cum','application/x-ms-wmd','nostrum','http://schusterboyer.com/','http://conroy.org/','http://www.homenick.com/'),
('72','in','1975-12-15','volupt','application/vnd.sun.xml.writer.global','commodi','http://purdy.com/','http://www.kirlin.info/','http://www.legros.com/'),
('73','distinctio','1982-08-10','ea','application/vnd.ms-lrm','voluptate','http://colliercronin.com/','http://quigley.net/','http://www.quigley.net/'),
('74','odit','1984-12-29','est','application/pgp-encrypted','officiis','http://hilpert.com/','http://ernser.com/','http://leuschke.biz/'),
('75','asperiores','1972-04-10','volupt','text/x-asm','reiciendis','http://ortiz.com/','http://oconnell.com/','http://smith.com/'),
('76','perferendis','2012-09-22','quidem','model/x3d+vrml','et','http://schinner.com/','http://tremblay.info/','http://spinkacorwin.info/'),
('77','tenetur','1972-08-15','asperi','application/vnd.ms-pki.stl','ipsum','http://pouros.com/','http://www.olson.com/','http://huels.info/'),
('78','vel','2008-12-10','exerci','application/vnd.triscape.mxs','a','http://www.lindgren.info/','http://www.moorelangosh.com/','http://upton.com/'),
('79','molestiae','1975-01-16','id','application/vnd.recordare.musicxml+xml','rerum','http://ziemeglover.com/','http://www.cummerata.biz/','http://walterweber.biz/'),
('80','voluptate','1992-08-21','et','application/vnd.uoml+xml','illo','http://www.feil.com/','http://littelhaley.com/','http://rolfson.com/'),
('81','tenetur','2002-09-26','optio','application/vnd.ezpix-package','modi','http://www.feeney.com/','http://howellemmerich.com/','http://www.littelflatley.com/'),
('82','est','1990-05-05','et','image/g3fax','iure','http://www.lindgren.com/','http://www.conn.com/','http://www.graham.org/'),
('83','ut','1979-08-14','dolori','application/x-ustar','et','http://www.flatley.com/','http://www.handbins.info/','http://www.roweadams.net/'),
('84','recusandae','1996-06-11','qui','video/x-matroska','dolorem','http://rice.com/','http://www.leannonhomenick.com/','http://blanda.com/'),
('85','possimus','2008-11-10','quos','application/vnd.lotus-approach','sapiente','http://beahanreinger.com/','http://turcottecormier.com/','http://www.will.com/'),
('86','nobis','1992-05-21','quam','application/x-ms-wmd','nesciunt','http://vonrueden.net/','http://wolffcronin.biz/','http://luettgen.com/'),
('87','beatae','1978-01-01','dolore','application/vnd.sailingtracker.track','quia','http://www.johnston.info/','http://www.okeefewindler.com/','http://www.hayes.com/'),
('88','esse','1977-08-23','nisi','application/vnd.dna','corrupti','http://welchsmith.com/','http://www.quigleyabshire.com/','http://www.rodriguez.com/'),
('89','non','1996-10-20','aliqua','application/x-7z-compressed','quia','http://moore.info/','http://hamillcrona.net/','http://www.purdy.com/'),
('90','cum','1972-03-02','vitae','application/x-xliff+xml','nihil','http://oreilly.info/','http://www.trantow.biz/','http://leannonswaniawski.com/'),
('91','aut','2014-01-03','quisqu','audio/x-flac','rem','http://www.fay.com/','http://beier.com/','http://batzharris.info/'),
('92','quisquam','2012-11-22','veniam','audio/x-matroska','blanditiis','http://champlinwatsica.com/','http://damore.com/','http://gleason.info/'),
('93','voluptas','1975-02-11','est','application/reginfo+xml','consequatur','http://cummings.net/','http://hayes.net/','http://www.kosshackett.com/'),
('94','qui','1991-08-01','ut','application/vnd.ms-wpl','et','http://dubuquerowe.com/','http://www.fritsch.com/','http://www.langosh.com/'),
('95','doloremque','1981-09-02','ut','application/vnd.oasis.opendocument.formula-template','eos','http://rutherford.org/','http://www.wilderman.com/','http://upton.info/'),
('96','ipsam','2001-08-08','eos','application/vnd.kde.kword','sequi','http://www.kulasadams.com/','http://www.jacobs.info/','http://grimes.com/'),
('97','nostrum','1987-09-06','veniam','application/x-ms-xbap','suscipit','http://www.jast.org/','http://lynch.com/','http://hessel.com/'),
('98','et','1981-07-14','modi','application/x-bittorrent','aut','http://www.ledner.com/','http://ratke.info/','http://www.lockman.net/'),
('99','aliquam','2006-04-16','dolori','application/x-debian-package','ullam','http://kling.com/','http://kessler.org/','http://wolffziemann.biz/'),
('100','ut','1988-12-05','optio','video/x-m4v','aspernatur','http://www.wolfnicolas.com/','http://watsicaratke.com/','http://www.harveyrobel.net/'); 


DROP TABLE IF EXISTS `users_communities`;
CREATE TABLE `users_communities` (
  `user_id` bigint(20) unsigned NOT NULL,
  `community_id` bigint(20) unsigned NOT NULL,
  PRIMARY KEY (`user_id`,`community_id`),
  KEY `community_id` (`community_id`),
  CONSTRAINT `users_communities_ibfk_1` FOREIGN KEY (`user_id`) REFERENCES `profile` (`id`),
  CONSTRAINT `users_communities_ibfk_2` FOREIGN KEY (`community_id`) REFERENCES `communities` (`id`)
) ENGINE=InnoDB DEFAULT CHARSET=utf8 COLLATE=utf8_unicode_ci;

INSERT INTO `users_communities` VALUES ('1','1'),
('2','2'),
('3','3'),
('4','4'),
('5','5'),
('6','6'),
('7','7'),
('8','8'),
('9','9'),
('10','10'),
('11','11'),
('12','12'),
('13','13'),
('14','14'),
('15','15'),
('16','16'),
('17','17'),
('18','18'),
('19','19'),
('20','20'),
('21','21'),
('22','22'),
('23','23'),
('24','24'),
('25','25'),
('26','26'),
('27','27'),
('28','28'),
('29','29'),
('30','30'),
('31','31'),
('32','32'),
('33','33'),
('34','34'),
('35','35'),
('36','36'),
('37','37'),
('38','38'),
('39','39'),
('40','40'),
('41','41'),
('42','42'),
('43','43'),
('44','44'),
('45','45'),
('46','46'),
('47','47'),
('48','48'),
('49','49'),
('50','50'),
('51','51'),
('52','52'),
('53','53'),
('54','54'),
('55','55'),
('56','56'),
('57','57'),
('58','58'),
('59','59'),
('60','60'),
('61','61'),
('62','62'),
('63','63'),
('64','64'),
('65','65'),
('66','66'),
('67','67'),
('68','68'),
('69','69'),
('70','70'),
('71','71'),
('72','72'),
('73','73'),
('74','74'),
('75','75'),
('76','76'),
('77','77'),
('78','78'),
('79','79'),
('80','80'),
('81','81'),
('82','82'),
('83','83'),
('84','84'),
('85','85'),
('86','86'),
('87','87'),
('88','88'),
('89','89'),
('90','90'),
('91','91'),
('92','92'),
('93','93'),
('94','94'),
('95','95'),
('96','96'),
('97','97'),
('98','98'),
('99','99'),
('100','100'); 


DROP TABLE IF EXISTS `work_experience`;
CREATE TABLE `work_experience` (
  `name1_id` bigint(20) unsigned NOT NULL,
  `person1_name` varchar(250) COLLATE utf8_unicode_ci DEFAULT NULL,
  `company_id` bigint(20) unsigned NOT NULL,
  `job_position` varchar(250) COLLATE utf8_unicode_ci DEFAULT NULL,
  `start_work` date DEFAULT NULL,
  `end_work` date DEFAULT NULL,
  KEY `work_experience` (`person1_name`),
  KEY `name1_id` (`name1_id`),
  KEY `company_id` (`company_id`),
  CONSTRAINT `work_experience_ibfk_1` FOREIGN KEY (`name1_id`) REFERENCES `profile` (`id`),
  CONSTRAINT `work_experience_ibfk_2` FOREIGN KEY (`company_id`) REFERENCES `companies_name` (`id`)
) ENGINE=InnoDB DEFAULT CHARSET=utf8 COLLATE=utf8_unicode_ci;

INSERT INTO `work_experience` VALUES ('1','laudantium','1','tempora','2002-05-03','1993-03-19'),
('2','nisi','2','numquam','1983-01-07','1999-06-06'),
('3','magnam','3','et','1997-03-18','1992-06-18'),
('4','dolores','4','voluptatem','2000-06-23','2013-05-20'),
('5','accusantium','5','necessitatibus','1999-10-02','2007-04-04'),
('6','dolorem','6','a','2009-06-20','1998-12-05'),
('7','est','7','impedit','1981-11-29','2016-05-31'),
('8','odit','8','et','2013-04-29','1980-02-03'),
('9','fuga','9','quis','1982-05-28','1985-03-12'),
('10','animi','10','eum','2007-02-24','1979-12-15'),
('11','provident','11','iusto','1982-02-21','1997-04-07'),
('12','voluptates','12','inventore','2000-01-09','2001-03-16'),
('13','distinctio','13','dolor','1991-04-03','2000-07-28'),
('14','esse','14','dolor','2008-03-04','1970-11-22'),
('15','consequatur','15','quia','2006-10-17','2000-12-01'),
('16','est','16','accusantium','1985-12-12','2006-02-17'),
('17','officia','17','voluptatem','1981-08-04','1994-12-27'),
('18','dolor','18','nostrum','2004-03-05','1989-05-08'),
('19','blanditiis','19','voluptas','1985-09-22','1990-05-26'),
('20','ut','20','optio','1978-12-20','2019-07-19'),
('21','necessitatibus','21','eos','1977-01-10','1993-11-26'),
('22','molestias','22','quia','2006-07-21','2015-07-27'),
('23','quod','23','fugit','1982-08-08','1994-01-21'),
('24','doloremque','24','est','1994-02-01','1978-05-24'),
('25','dolorum','25','tenetur','2015-12-18','1981-12-28'),
('26','ut','26','animi','1976-05-12','1972-01-21'),
('27','neque','27','praesentium','1982-02-26','2007-11-18'),
('28','ea','28','deserunt','2014-07-12','2001-10-06'),
('29','deserunt','29','in','2009-12-23','2008-03-07'),
('30','ut','30','officiis','1987-10-15','2007-07-02'),
('31','maiores','31','reprehenderit','1994-07-03','2010-08-25'),
('32','ad','32','fuga','1975-09-21','1994-05-04'),
('33','ea','33','iusto','1991-03-04','2008-10-14'),
('34','dolor','34','omnis','2001-10-12','1978-01-20'),
('35','unde','35','quis','2010-03-01','2009-02-05'),
('36','necessitatibus','36','ut','1996-09-12','1981-02-27'),
('37','est','37','sunt','2008-10-29','2007-07-19'),
('38','et','38','consequatur','1980-06-25','2003-09-07'),
('39','hic','39','autem','1970-09-07','2001-02-25'),
('40','eum','40','quisquam','2018-08-06','2002-06-15'),
('41','laborum','41','atque','1971-08-14','1974-11-05'),
('42','perferendis','42','ut','1994-06-12','2004-08-13'),
('43','a','43','vel','1977-06-23','2014-08-03'),
('44','perferendis','44','inventore','1982-09-06','2002-11-03'),
('45','autem','45','dolor','1977-03-21','1985-01-13'),
('46','nobis','46','dolores','2015-08-04','1990-09-08'),
('47','dignissimos','47','perferendis','2011-04-28','2014-11-04'),
('48','tempore','48','quae','1973-04-01','2005-07-24'),
('49','exercitationem','49','ad','1981-02-24','2013-05-10'),
('50','nulla','50','ullam','1991-01-02','2006-10-31'),
('51','totam','51','consequuntur','1998-01-11','2016-03-30'),
('52','modi','52','nesciunt','1988-09-04','2001-05-27'),
('53','sed','53','expedita','1992-01-20','2009-10-01'),
('54','qui','54','velit','1978-05-01','2013-09-28'),
('55','omnis','55','unde','1992-06-27','1990-07-29'),
('56','magni','56','est','1986-07-27','2005-07-06'),
('57','quo','57','molestiae','2005-12-03','2003-04-04'),
('58','voluptas','58','enim','1979-06-10','2019-04-30'),
('59','odio','59','ea','1989-09-04','1997-09-18'),
('60','eligendi','60','molestiae','2006-05-06','1988-09-09'),
('61','sed','61','et','1993-03-03','1978-01-21'),
('62','qui','62','repellat','1981-11-17','2013-07-30'),
('63','in','63','autem','2016-03-11','1985-02-13'),
('64','qui','64','ratione','1995-10-22','2002-07-04'),
('65','nam','65','quia','2005-04-16','2013-02-07'),
('66','numquam','66','aut','2015-05-04','2009-03-08'),
('67','suscipit','67','error','1980-09-04','1983-02-10'),
('68','aut','68','eum','2011-12-20','1984-04-16'),
('69','est','69','voluptatem','1970-10-15','2005-12-23'),
('70','autem','70','a','1975-11-02','2003-02-03'),
('71','rerum','71','sed','2009-05-31','1983-04-18'),
('72','ducimus','72','labore','1980-07-05','1999-11-02'),
('73','deleniti','73','ipsam','2010-05-27','1987-01-28'),
('74','deserunt','74','saepe','1990-08-27','2001-09-05'),
('75','ea','75','sit','1971-07-25','1998-09-30'),
('76','accusantium','76','eius','2009-08-26','2002-09-05'),
('77','ut','77','error','1999-09-17','2003-12-25'),
('78','praesentium','78','quia','2019-04-29','2010-10-25'),
('79','dolorem','79','assumenda','2002-08-10','2005-05-04'),
('80','maiores','80','magni','2009-11-04','1999-01-29'),
('81','ut','81','vitae','1981-04-08','1970-04-17'),
('82','illo','82','nobis','1979-04-06','1988-10-28'),
('83','non','83','dignissimos','2006-08-21','1995-08-24'),
('84','rem','84','qui','1982-03-12','1980-05-07'),
('85','consectetur','85','doloribus','1997-11-16','1975-01-12'),
('86','quod','86','dolores','2009-12-28','1973-10-18'),
('87','non','87','minima','1983-10-14','1993-11-28'),
('88','itaque','88','deleniti','1979-12-15','2002-11-05'),
('89','omnis','89','occaecati','2002-09-21','2009-04-22'),
('90','aliquid','90','sit','1981-07-18','1973-06-16'),
('91','provident','91','ratione','1999-06-12','1980-05-14'),
('92','mollitia','92','odio','1982-02-02','2005-12-07'),
('93','et','93','illo','1976-06-06','2007-02-18'),
('94','eum','94','recusandae','1991-09-01','1982-10-08'),
('95','pariatur','95','ad','1996-11-08','1978-03-28'),
('96','ad','96','qui','2001-07-22','2008-06-20'),
('97','molestiae','97','odio','1989-12-11','2004-04-01'),
('98','illum','98','nesciunt','1971-07-14','1984-01-21'),
('99','non','99','voluptas','2009-01-14','2005-08-10'),
('100','asperiores','100','delectus','2003-07-22','2011-04-13'); 




/*!40101 SET SQL_MODE=@OLD_SQL_MODE */;
/*!40014 SET FOREIGN_KEY_CHECKS=@OLD_FOREIGN_KEY_CHECKS */;
/*!40014 SET UNIQUE_CHECKS=@OLD_UNIQUE_CHECKS */;
/*!40101 SET CHARACTER_SET_CLIENT=@OLD_CHARACTER_SET_CLIENT */;
/*!40101 SET CHARACTER_SET_RESULTS=@OLD_CHARACTER_SET_RESULTS */;
/*!40101 SET COLLATION_CONNECTION=@OLD_COLLATION_CONNECTION */;
/*!40111 SET SQL_NOTES=@OLD_SQL_NOTES */;

