#
# TABLE STRUCTURE FOR: communities
#

DROP TABLE IF EXISTS `communities`;

CREATE TABLE `communities` (
  `id` bigint(20) unsigned NOT NULL AUTO_INCREMENT,
  `name` varchar(150) COLLATE utf8_unicode_ci DEFAULT NULL,
  PRIMARY KEY (`id`),
  KEY `communities_name_idx` (`name`)
) ENGINE=InnoDB AUTO_INCREMENT=101 DEFAULT CHARSET=utf8 COLLATE=utf8_unicode_ci;

INSERT INTO `communities` (`id`, `name`) VALUES ('51', 'adipisci');
INSERT INTO `communities` (`id`, `name`) VALUES ('2', 'alias');
INSERT INTO `communities` (`id`, `name`) VALUES ('67', 'aliquam');
INSERT INTO `communities` (`id`, `name`) VALUES ('81', 'aliquid');
INSERT INTO `communities` (`id`, `name`) VALUES ('76', 'architecto');
INSERT INTO `communities` (`id`, `name`) VALUES ('69', 'aspernatur');
INSERT INTO `communities` (`id`, `name`) VALUES ('32', 'assumenda');
INSERT INTO `communities` (`id`, `name`) VALUES ('28', 'aut');
INSERT INTO `communities` (`id`, `name`) VALUES ('33', 'aut');
INSERT INTO `communities` (`id`, `name`) VALUES ('79', 'aut');
INSERT INTO `communities` (`id`, `name`) VALUES ('4', 'beatae');
INSERT INTO `communities` (`id`, `name`) VALUES ('73', 'blanditiis');
INSERT INTO `communities` (`id`, `name`) VALUES ('83', 'consequatur');
INSERT INTO `communities` (`id`, `name`) VALUES ('42', 'corrupti');
INSERT INTO `communities` (`id`, `name`) VALUES ('84', 'culpa');
INSERT INTO `communities` (`id`, `name`) VALUES ('90', 'cum');
INSERT INTO `communities` (`id`, `name`) VALUES ('48', 'debitis');
INSERT INTO `communities` (`id`, `name`) VALUES ('34', 'deserunt');
INSERT INTO `communities` (`id`, `name`) VALUES ('99', 'deserunt');
INSERT INTO `communities` (`id`, `name`) VALUES ('54', 'dignissimos');
INSERT INTO `communities` (`id`, `name`) VALUES ('45', 'dolor');
INSERT INTO `communities` (`id`, `name`) VALUES ('70', 'dolor');
INSERT INTO `communities` (`id`, `name`) VALUES ('98', 'dolore');
INSERT INTO `communities` (`id`, `name`) VALUES ('40', 'ducimus');
INSERT INTO `communities` (`id`, `name`) VALUES ('62', 'eaque');
INSERT INTO `communities` (`id`, `name`) VALUES ('17', 'eos');
INSERT INTO `communities` (`id`, `name`) VALUES ('11', 'et');
INSERT INTO `communities` (`id`, `name`) VALUES ('24', 'et');
INSERT INTO `communities` (`id`, `name`) VALUES ('25', 'et');
INSERT INTO `communities` (`id`, `name`) VALUES ('39', 'et');
INSERT INTO `communities` (`id`, `name`) VALUES ('50', 'et');
INSERT INTO `communities` (`id`, `name`) VALUES ('65', 'et');
INSERT INTO `communities` (`id`, `name`) VALUES ('86', 'et');
INSERT INTO `communities` (`id`, `name`) VALUES ('30', 'excepturi');
INSERT INTO `communities` (`id`, `name`) VALUES ('46', 'excepturi');
INSERT INTO `communities` (`id`, `name`) VALUES ('55', 'exercitationem');
INSERT INTO `communities` (`id`, `name`) VALUES ('94', 'expedita');
INSERT INTO `communities` (`id`, `name`) VALUES ('35', 'fuga');
INSERT INTO `communities` (`id`, `name`) VALUES ('78', 'hic');
INSERT INTO `communities` (`id`, `name`) VALUES ('12', 'illo');
INSERT INTO `communities` (`id`, `name`) VALUES ('89', 'illo');
INSERT INTO `communities` (`id`, `name`) VALUES ('59', 'impedit');
INSERT INTO `communities` (`id`, `name`) VALUES ('75', 'ipsa');
INSERT INTO `communities` (`id`, `name`) VALUES ('38', 'iure');
INSERT INTO `communities` (`id`, `name`) VALUES ('92', 'iure');
INSERT INTO `communities` (`id`, `name`) VALUES ('16', 'labore');
INSERT INTO `communities` (`id`, `name`) VALUES ('66', 'laboriosam');
INSERT INTO `communities` (`id`, `name`) VALUES ('57', 'laudantium');
INSERT INTO `communities` (`id`, `name`) VALUES ('93', 'magnam');
INSERT INTO `communities` (`id`, `name`) VALUES ('19', 'maxime');
INSERT INTO `communities` (`id`, `name`) VALUES ('58', 'modi');
INSERT INTO `communities` (`id`, `name`) VALUES ('80', 'modi');
INSERT INTO `communities` (`id`, `name`) VALUES ('31', 'necessitatibus');
INSERT INTO `communities` (`id`, `name`) VALUES ('61', 'necessitatibus');
INSERT INTO `communities` (`id`, `name`) VALUES ('3', 'nemo');
INSERT INTO `communities` (`id`, `name`) VALUES ('29', 'nihil');
INSERT INTO `communities` (`id`, `name`) VALUES ('97', 'nobis');
INSERT INTO `communities` (`id`, `name`) VALUES ('10', 'non');
INSERT INTO `communities` (`id`, `name`) VALUES ('44', 'non');
INSERT INTO `communities` (`id`, `name`) VALUES ('68', 'nulla');
INSERT INTO `communities` (`id`, `name`) VALUES ('63', 'odio');
INSERT INTO `communities` (`id`, `name`) VALUES ('74', 'omnis');
INSERT INTO `communities` (`id`, `name`) VALUES ('14', 'pariatur');
INSERT INTO `communities` (`id`, `name`) VALUES ('7', 'perferendis');
INSERT INTO `communities` (`id`, `name`) VALUES ('100', 'perferendis');
INSERT INTO `communities` (`id`, `name`) VALUES ('60', 'placeat');
INSERT INTO `communities` (`id`, `name`) VALUES ('9', 'porro');
INSERT INTO `communities` (`id`, `name`) VALUES ('37', 'possimus');
INSERT INTO `communities` (`id`, `name`) VALUES ('71', 'quae');
INSERT INTO `communities` (`id`, `name`) VALUES ('27', 'quas');
INSERT INTO `communities` (`id`, `name`) VALUES ('82', 'quas');
INSERT INTO `communities` (`id`, `name`) VALUES ('43', 'quasi');
INSERT INTO `communities` (`id`, `name`) VALUES ('15', 'qui');
INSERT INTO `communities` (`id`, `name`) VALUES ('41', 'qui');
INSERT INTO `communities` (`id`, `name`) VALUES ('52', 'qui');
INSERT INTO `communities` (`id`, `name`) VALUES ('6', 'quia');
INSERT INTO `communities` (`id`, `name`) VALUES ('8', 'quia');
INSERT INTO `communities` (`id`, `name`) VALUES ('22', 'quia');
INSERT INTO `communities` (`id`, `name`) VALUES ('53', 'quia');
INSERT INTO `communities` (`id`, `name`) VALUES ('20', 'quis');
INSERT INTO `communities` (`id`, `name`) VALUES ('26', 'quo');
INSERT INTO `communities` (`id`, `name`) VALUES ('47', 'quo');
INSERT INTO `communities` (`id`, `name`) VALUES ('56', 'quos');
INSERT INTO `communities` (`id`, `name`) VALUES ('64', 'ratione');
INSERT INTO `communities` (`id`, `name`) VALUES ('36', 'recusandae');
INSERT INTO `communities` (`id`, `name`) VALUES ('88', 'recusandae');
INSERT INTO `communities` (`id`, `name`) VALUES ('85', 'repudiandae');
INSERT INTO `communities` (`id`, `name`) VALUES ('87', 'rerum');
INSERT INTO `communities` (`id`, `name`) VALUES ('95', 'rerum');
INSERT INTO `communities` (`id`, `name`) VALUES ('21', 'sapiente');
INSERT INTO `communities` (`id`, `name`) VALUES ('96', 'tenetur');
INSERT INTO `communities` (`id`, `name`) VALUES ('18', 'totam');
INSERT INTO `communities` (`id`, `name`) VALUES ('5', 'ut');
INSERT INTO `communities` (`id`, `name`) VALUES ('23', 'ut');
INSERT INTO `communities` (`id`, `name`) VALUES ('91', 'velit');
INSERT INTO `communities` (`id`, `name`) VALUES ('1', 'veniam');
INSERT INTO `communities` (`id`, `name`) VALUES ('72', 'vero');
INSERT INTO `communities` (`id`, `name`) VALUES ('49', 'voluptatem');
INSERT INTO `communities` (`id`, `name`) VALUES ('13', 'voluptatum');
INSERT INTO `communities` (`id`, `name`) VALUES ('77', 'voluptatum');


#
# TABLE STRUCTURE FOR: friend_requests
#

DROP TABLE IF EXISTS `friend_requests`;

CREATE TABLE `friend_requests` (
  `initiator_user_id` bigint(20) unsigned NOT NULL,
  `target_user_id` bigint(20) unsigned NOT NULL,
  `status` enum('requested','approved','unfriended','declined') COLLATE utf8_unicode_ci DEFAULT NULL,
  `requested_at` datetime DEFAULT current_timestamp(),
  `confirmed_at` datetime DEFAULT NULL,
  PRIMARY KEY (`initiator_user_id`,`target_user_id`),
  KEY `initiator_user_id` (`initiator_user_id`),
  KEY `target_user_id` (`target_user_id`),
  CONSTRAINT `friend_requests_ibfk_1` FOREIGN KEY (`initiator_user_id`) REFERENCES `users` (`id`),
  CONSTRAINT `friend_requests_ibfk_2` FOREIGN KEY (`target_user_id`) REFERENCES `users` (`id`)
) ENGINE=InnoDB DEFAULT CHARSET=utf8 COLLATE=utf8_unicode_ci;

INSERT INTO `friend_requests` (`initiator_user_id`, `target_user_id`, `status`, `requested_at`, `confirmed_at`) VALUES ('1', '1', 'unfriended', '1996-11-19 22:36:57', '1979-10-03 13:45:49');
INSERT INTO `friend_requests` (`initiator_user_id`, `target_user_id`, `status`, `requested_at`, `confirmed_at`) VALUES ('2', '2', 'approved', '1981-05-17 07:33:42', '1997-10-04 11:32:00');
INSERT INTO `friend_requests` (`initiator_user_id`, `target_user_id`, `status`, `requested_at`, `confirmed_at`) VALUES ('3', '3', 'unfriended', '1979-01-21 21:06:03', '1984-09-14 21:52:24');
INSERT INTO `friend_requests` (`initiator_user_id`, `target_user_id`, `status`, `requested_at`, `confirmed_at`) VALUES ('4', '4', 'unfriended', '1991-03-30 19:13:03', '1986-08-26 15:35:19');
INSERT INTO `friend_requests` (`initiator_user_id`, `target_user_id`, `status`, `requested_at`, `confirmed_at`) VALUES ('5', '5', 'requested', '1989-03-07 18:09:11', '2013-08-27 08:43:47');
INSERT INTO `friend_requests` (`initiator_user_id`, `target_user_id`, `status`, `requested_at`, `confirmed_at`) VALUES ('6', '6', 'requested', '2004-09-15 12:53:31', '1971-07-12 02:35:57');
INSERT INTO `friend_requests` (`initiator_user_id`, `target_user_id`, `status`, `requested_at`, `confirmed_at`) VALUES ('7', '7', 'approved', '1982-05-20 11:54:14', '1974-08-10 02:57:36');
INSERT INTO `friend_requests` (`initiator_user_id`, `target_user_id`, `status`, `requested_at`, `confirmed_at`) VALUES ('8', '8', 'unfriended', '1976-01-17 10:31:57', '1994-08-08 23:14:53');
INSERT INTO `friend_requests` (`initiator_user_id`, `target_user_id`, `status`, `requested_at`, `confirmed_at`) VALUES ('9', '9', 'declined', '2016-10-31 03:30:36', '2012-02-15 02:26:34');
INSERT INTO `friend_requests` (`initiator_user_id`, `target_user_id`, `status`, `requested_at`, `confirmed_at`) VALUES ('10', '10', 'unfriended', '1975-06-29 18:33:53', '1996-01-02 08:07:59');
INSERT INTO `friend_requests` (`initiator_user_id`, `target_user_id`, `status`, `requested_at`, `confirmed_at`) VALUES ('11', '11', 'declined', '1974-04-13 20:46:30', '2010-06-01 19:18:59');
INSERT INTO `friend_requests` (`initiator_user_id`, `target_user_id`, `status`, `requested_at`, `confirmed_at`) VALUES ('12', '12', 'unfriended', '1988-06-29 21:30:52', '1979-06-15 14:14:23');
INSERT INTO `friend_requests` (`initiator_user_id`, `target_user_id`, `status`, `requested_at`, `confirmed_at`) VALUES ('13', '13', 'declined', '2006-11-29 06:58:14', '1970-01-21 00:26:59');
INSERT INTO `friend_requests` (`initiator_user_id`, `target_user_id`, `status`, `requested_at`, `confirmed_at`) VALUES ('14', '14', 'unfriended', '2004-03-12 00:09:20', '2017-09-16 09:36:03');
INSERT INTO `friend_requests` (`initiator_user_id`, `target_user_id`, `status`, `requested_at`, `confirmed_at`) VALUES ('15', '15', 'unfriended', '1991-08-21 07:23:38', '2008-05-12 18:06:56');
INSERT INTO `friend_requests` (`initiator_user_id`, `target_user_id`, `status`, `requested_at`, `confirmed_at`) VALUES ('16', '16', 'declined', '1988-10-07 12:56:20', '1974-04-18 18:48:29');
INSERT INTO `friend_requests` (`initiator_user_id`, `target_user_id`, `status`, `requested_at`, `confirmed_at`) VALUES ('17', '17', 'declined', '1999-07-27 07:40:35', '2009-05-06 15:25:42');
INSERT INTO `friend_requests` (`initiator_user_id`, `target_user_id`, `status`, `requested_at`, `confirmed_at`) VALUES ('18', '18', 'requested', '1996-04-22 00:23:51', '2004-11-12 11:55:31');
INSERT INTO `friend_requests` (`initiator_user_id`, `target_user_id`, `status`, `requested_at`, `confirmed_at`) VALUES ('19', '19', 'approved', '1978-04-23 10:16:29', '1984-07-20 03:51:48');
INSERT INTO `friend_requests` (`initiator_user_id`, `target_user_id`, `status`, `requested_at`, `confirmed_at`) VALUES ('20', '20', 'requested', '2016-07-17 05:57:01', '2006-06-18 02:41:18');
INSERT INTO `friend_requests` (`initiator_user_id`, `target_user_id`, `status`, `requested_at`, `confirmed_at`) VALUES ('21', '21', 'requested', '2015-12-01 13:51:56', '2004-06-13 19:42:26');
INSERT INTO `friend_requests` (`initiator_user_id`, `target_user_id`, `status`, `requested_at`, `confirmed_at`) VALUES ('22', '22', 'declined', '2007-08-16 13:56:31', '1991-09-06 11:05:42');
INSERT INTO `friend_requests` (`initiator_user_id`, `target_user_id`, `status`, `requested_at`, `confirmed_at`) VALUES ('23', '23', 'approved', '2009-08-19 13:49:29', '1986-01-21 08:19:07');
INSERT INTO `friend_requests` (`initiator_user_id`, `target_user_id`, `status`, `requested_at`, `confirmed_at`) VALUES ('24', '24', 'requested', '2012-04-26 16:15:16', '1987-02-16 14:37:27');
INSERT INTO `friend_requests` (`initiator_user_id`, `target_user_id`, `status`, `requested_at`, `confirmed_at`) VALUES ('25', '25', 'requested', '1970-03-22 03:11:57', '1975-08-26 11:51:00');
INSERT INTO `friend_requests` (`initiator_user_id`, `target_user_id`, `status`, `requested_at`, `confirmed_at`) VALUES ('26', '26', 'unfriended', '1986-12-27 17:05:47', '2006-08-06 11:59:30');
INSERT INTO `friend_requests` (`initiator_user_id`, `target_user_id`, `status`, `requested_at`, `confirmed_at`) VALUES ('27', '27', 'unfriended', '2016-06-25 20:51:46', '1975-11-27 05:19:15');
INSERT INTO `friend_requests` (`initiator_user_id`, `target_user_id`, `status`, `requested_at`, `confirmed_at`) VALUES ('28', '28', 'requested', '1983-12-13 08:53:19', '2017-09-26 15:19:41');
INSERT INTO `friend_requests` (`initiator_user_id`, `target_user_id`, `status`, `requested_at`, `confirmed_at`) VALUES ('29', '29', 'requested', '2003-09-12 19:06:19', '2011-06-27 07:34:46');
INSERT INTO `friend_requests` (`initiator_user_id`, `target_user_id`, `status`, `requested_at`, `confirmed_at`) VALUES ('30', '30', 'declined', '1977-05-18 07:25:49', '1981-01-06 08:34:44');
INSERT INTO `friend_requests` (`initiator_user_id`, `target_user_id`, `status`, `requested_at`, `confirmed_at`) VALUES ('31', '31', 'approved', '1987-10-24 00:10:38', '1975-08-17 11:13:35');
INSERT INTO `friend_requests` (`initiator_user_id`, `target_user_id`, `status`, `requested_at`, `confirmed_at`) VALUES ('32', '32', 'approved', '1981-10-08 12:35:39', '1971-01-24 13:05:25');
INSERT INTO `friend_requests` (`initiator_user_id`, `target_user_id`, `status`, `requested_at`, `confirmed_at`) VALUES ('33', '33', 'requested', '1983-10-27 02:54:45', '1998-11-21 14:59:56');
INSERT INTO `friend_requests` (`initiator_user_id`, `target_user_id`, `status`, `requested_at`, `confirmed_at`) VALUES ('34', '34', 'approved', '1970-12-31 19:47:00', '2001-01-20 22:48:33');
INSERT INTO `friend_requests` (`initiator_user_id`, `target_user_id`, `status`, `requested_at`, `confirmed_at`) VALUES ('35', '35', 'approved', '1996-05-09 19:33:34', '2018-06-15 08:25:41');
INSERT INTO `friend_requests` (`initiator_user_id`, `target_user_id`, `status`, `requested_at`, `confirmed_at`) VALUES ('36', '36', 'approved', '2008-07-20 15:45:05', '2007-02-02 14:24:04');
INSERT INTO `friend_requests` (`initiator_user_id`, `target_user_id`, `status`, `requested_at`, `confirmed_at`) VALUES ('37', '37', 'unfriended', '2007-11-23 11:17:37', '2010-08-02 00:14:27');
INSERT INTO `friend_requests` (`initiator_user_id`, `target_user_id`, `status`, `requested_at`, `confirmed_at`) VALUES ('38', '38', 'unfriended', '1975-01-28 05:52:22', '2010-02-07 22:17:40');
INSERT INTO `friend_requests` (`initiator_user_id`, `target_user_id`, `status`, `requested_at`, `confirmed_at`) VALUES ('39', '39', 'unfriended', '1990-12-28 14:22:39', '1996-03-11 19:38:46');
INSERT INTO `friend_requests` (`initiator_user_id`, `target_user_id`, `status`, `requested_at`, `confirmed_at`) VALUES ('40', '40', 'unfriended', '2016-07-11 05:13:31', '1976-12-19 16:54:47');
INSERT INTO `friend_requests` (`initiator_user_id`, `target_user_id`, `status`, `requested_at`, `confirmed_at`) VALUES ('41', '41', 'requested', '2013-06-22 01:11:25', '2015-11-13 23:34:50');
INSERT INTO `friend_requests` (`initiator_user_id`, `target_user_id`, `status`, `requested_at`, `confirmed_at`) VALUES ('42', '42', 'approved', '1978-08-01 15:25:47', '2009-01-09 18:49:34');
INSERT INTO `friend_requests` (`initiator_user_id`, `target_user_id`, `status`, `requested_at`, `confirmed_at`) VALUES ('43', '43', 'approved', '1972-08-20 16:31:46', '1988-10-08 09:49:21');
INSERT INTO `friend_requests` (`initiator_user_id`, `target_user_id`, `status`, `requested_at`, `confirmed_at`) VALUES ('44', '44', 'requested', '2016-06-23 21:00:46', '2016-12-02 13:40:20');
INSERT INTO `friend_requests` (`initiator_user_id`, `target_user_id`, `status`, `requested_at`, `confirmed_at`) VALUES ('45', '45', 'approved', '1986-04-27 21:50:41', '1979-12-16 10:21:07');
INSERT INTO `friend_requests` (`initiator_user_id`, `target_user_id`, `status`, `requested_at`, `confirmed_at`) VALUES ('46', '46', 'declined', '1979-05-22 12:01:26', '1978-02-13 21:00:57');
INSERT INTO `friend_requests` (`initiator_user_id`, `target_user_id`, `status`, `requested_at`, `confirmed_at`) VALUES ('47', '47', 'unfriended', '2012-09-29 20:37:40', '2016-12-09 02:43:16');
INSERT INTO `friend_requests` (`initiator_user_id`, `target_user_id`, `status`, `requested_at`, `confirmed_at`) VALUES ('48', '48', 'approved', '1998-12-24 06:12:05', '1981-05-22 21:43:00');
INSERT INTO `friend_requests` (`initiator_user_id`, `target_user_id`, `status`, `requested_at`, `confirmed_at`) VALUES ('49', '49', 'requested', '2002-09-20 18:51:17', '1982-06-19 22:42:05');
INSERT INTO `friend_requests` (`initiator_user_id`, `target_user_id`, `status`, `requested_at`, `confirmed_at`) VALUES ('50', '50', 'requested', '2000-09-28 21:16:44', '2013-06-21 16:56:50');
INSERT INTO `friend_requests` (`initiator_user_id`, `target_user_id`, `status`, `requested_at`, `confirmed_at`) VALUES ('51', '51', 'unfriended', '1979-04-28 19:09:34', '1976-04-17 22:18:14');
INSERT INTO `friend_requests` (`initiator_user_id`, `target_user_id`, `status`, `requested_at`, `confirmed_at`) VALUES ('52', '52', 'approved', '1984-05-04 05:33:20', '2011-11-24 17:20:04');
INSERT INTO `friend_requests` (`initiator_user_id`, `target_user_id`, `status`, `requested_at`, `confirmed_at`) VALUES ('53', '53', 'approved', '2010-10-25 15:25:19', '2018-09-20 22:29:09');
INSERT INTO `friend_requests` (`initiator_user_id`, `target_user_id`, `status`, `requested_at`, `confirmed_at`) VALUES ('54', '54', 'unfriended', '1977-05-02 00:49:27', '1987-03-02 05:27:29');
INSERT INTO `friend_requests` (`initiator_user_id`, `target_user_id`, `status`, `requested_at`, `confirmed_at`) VALUES ('55', '55', 'unfriended', '1988-05-10 13:51:26', '2009-08-31 00:38:34');
INSERT INTO `friend_requests` (`initiator_user_id`, `target_user_id`, `status`, `requested_at`, `confirmed_at`) VALUES ('56', '56', 'unfriended', '2002-01-10 04:09:32', '1973-01-11 08:11:47');
INSERT INTO `friend_requests` (`initiator_user_id`, `target_user_id`, `status`, `requested_at`, `confirmed_at`) VALUES ('57', '57', 'declined', '1972-09-29 01:04:03', '1980-05-02 01:22:27');
INSERT INTO `friend_requests` (`initiator_user_id`, `target_user_id`, `status`, `requested_at`, `confirmed_at`) VALUES ('58', '58', 'declined', '2006-12-20 02:40:19', '2006-05-29 09:41:56');
INSERT INTO `friend_requests` (`initiator_user_id`, `target_user_id`, `status`, `requested_at`, `confirmed_at`) VALUES ('59', '59', 'unfriended', '1992-01-03 11:52:05', '1988-09-14 22:51:28');
INSERT INTO `friend_requests` (`initiator_user_id`, `target_user_id`, `status`, `requested_at`, `confirmed_at`) VALUES ('60', '60', 'requested', '2003-12-31 12:46:28', '1982-06-30 09:44:30');
INSERT INTO `friend_requests` (`initiator_user_id`, `target_user_id`, `status`, `requested_at`, `confirmed_at`) VALUES ('61', '61', 'approved', '2007-02-08 17:41:12', '1995-08-29 18:08:14');
INSERT INTO `friend_requests` (`initiator_user_id`, `target_user_id`, `status`, `requested_at`, `confirmed_at`) VALUES ('62', '62', 'approved', '1984-09-13 20:44:07', '1971-01-20 23:39:11');
INSERT INTO `friend_requests` (`initiator_user_id`, `target_user_id`, `status`, `requested_at`, `confirmed_at`) VALUES ('63', '63', 'approved', '2008-09-11 00:10:34', '2013-08-14 00:43:03');
INSERT INTO `friend_requests` (`initiator_user_id`, `target_user_id`, `status`, `requested_at`, `confirmed_at`) VALUES ('64', '64', 'unfriended', '2002-03-08 14:56:48', '1988-08-20 13:32:47');
INSERT INTO `friend_requests` (`initiator_user_id`, `target_user_id`, `status`, `requested_at`, `confirmed_at`) VALUES ('65', '65', 'declined', '2011-09-16 18:58:32', '2011-04-25 05:17:01');
INSERT INTO `friend_requests` (`initiator_user_id`, `target_user_id`, `status`, `requested_at`, `confirmed_at`) VALUES ('66', '66', 'approved', '1974-10-21 07:41:46', '2016-07-19 00:54:22');
INSERT INTO `friend_requests` (`initiator_user_id`, `target_user_id`, `status`, `requested_at`, `confirmed_at`) VALUES ('67', '67', 'unfriended', '1982-01-20 03:41:37', '1987-05-01 11:11:13');
INSERT INTO `friend_requests` (`initiator_user_id`, `target_user_id`, `status`, `requested_at`, `confirmed_at`) VALUES ('68', '68', 'unfriended', '2017-08-01 22:53:55', '1997-04-22 20:48:40');
INSERT INTO `friend_requests` (`initiator_user_id`, `target_user_id`, `status`, `requested_at`, `confirmed_at`) VALUES ('69', '69', 'requested', '2016-05-02 05:25:25', '2005-02-12 23:26:33');
INSERT INTO `friend_requests` (`initiator_user_id`, `target_user_id`, `status`, `requested_at`, `confirmed_at`) VALUES ('70', '70', 'approved', '1998-11-30 11:53:51', '1990-08-24 11:01:30');
INSERT INTO `friend_requests` (`initiator_user_id`, `target_user_id`, `status`, `requested_at`, `confirmed_at`) VALUES ('71', '71', 'requested', '1979-01-31 12:07:38', '2003-08-11 14:28:26');
INSERT INTO `friend_requests` (`initiator_user_id`, `target_user_id`, `status`, `requested_at`, `confirmed_at`) VALUES ('72', '72', 'unfriended', '1996-10-10 19:38:07', '1988-05-17 14:00:56');
INSERT INTO `friend_requests` (`initiator_user_id`, `target_user_id`, `status`, `requested_at`, `confirmed_at`) VALUES ('73', '73', 'approved', '2011-12-18 04:29:49', '2000-04-23 03:25:01');
INSERT INTO `friend_requests` (`initiator_user_id`, `target_user_id`, `status`, `requested_at`, `confirmed_at`) VALUES ('74', '74', 'approved', '2015-11-04 18:30:55', '2016-06-18 00:43:45');
INSERT INTO `friend_requests` (`initiator_user_id`, `target_user_id`, `status`, `requested_at`, `confirmed_at`) VALUES ('75', '75', 'requested', '1971-10-29 05:40:08', '1977-04-14 17:44:33');
INSERT INTO `friend_requests` (`initiator_user_id`, `target_user_id`, `status`, `requested_at`, `confirmed_at`) VALUES ('76', '76', 'requested', '1980-02-10 20:42:35', '1995-01-04 04:33:13');
INSERT INTO `friend_requests` (`initiator_user_id`, `target_user_id`, `status`, `requested_at`, `confirmed_at`) VALUES ('77', '77', 'unfriended', '1992-07-16 15:00:27', '1978-03-16 21:38:39');
INSERT INTO `friend_requests` (`initiator_user_id`, `target_user_id`, `status`, `requested_at`, `confirmed_at`) VALUES ('78', '78', 'requested', '2012-08-01 03:29:54', '1972-12-14 22:51:26');
INSERT INTO `friend_requests` (`initiator_user_id`, `target_user_id`, `status`, `requested_at`, `confirmed_at`) VALUES ('79', '79', 'approved', '1982-11-15 08:15:15', '2015-02-18 09:38:37');
INSERT INTO `friend_requests` (`initiator_user_id`, `target_user_id`, `status`, `requested_at`, `confirmed_at`) VALUES ('80', '80', 'requested', '1974-05-17 15:49:34', '2014-01-17 19:43:32');
INSERT INTO `friend_requests` (`initiator_user_id`, `target_user_id`, `status`, `requested_at`, `confirmed_at`) VALUES ('81', '81', 'approved', '1972-11-01 06:42:16', '1988-02-14 06:22:38');
INSERT INTO `friend_requests` (`initiator_user_id`, `target_user_id`, `status`, `requested_at`, `confirmed_at`) VALUES ('82', '82', 'declined', '1998-04-30 03:28:09', '2012-03-25 08:34:50');
INSERT INTO `friend_requests` (`initiator_user_id`, `target_user_id`, `status`, `requested_at`, `confirmed_at`) VALUES ('83', '83', 'approved', '1976-01-10 00:02:54', '2001-03-24 16:34:17');
INSERT INTO `friend_requests` (`initiator_user_id`, `target_user_id`, `status`, `requested_at`, `confirmed_at`) VALUES ('84', '84', 'approved', '1975-01-07 20:55:56', '2018-06-03 04:51:36');
INSERT INTO `friend_requests` (`initiator_user_id`, `target_user_id`, `status`, `requested_at`, `confirmed_at`) VALUES ('85', '85', 'declined', '1975-02-08 17:47:18', '2002-06-01 00:57:02');
INSERT INTO `friend_requests` (`initiator_user_id`, `target_user_id`, `status`, `requested_at`, `confirmed_at`) VALUES ('86', '86', 'requested', '2019-11-04 17:23:01', '1970-02-04 17:00:46');
INSERT INTO `friend_requests` (`initiator_user_id`, `target_user_id`, `status`, `requested_at`, `confirmed_at`) VALUES ('87', '87', 'requested', '2000-05-01 17:55:14', '1999-08-22 04:08:36');
INSERT INTO `friend_requests` (`initiator_user_id`, `target_user_id`, `status`, `requested_at`, `confirmed_at`) VALUES ('88', '88', 'unfriended', '1976-03-02 05:34:35', '2012-03-14 10:10:54');
INSERT INTO `friend_requests` (`initiator_user_id`, `target_user_id`, `status`, `requested_at`, `confirmed_at`) VALUES ('89', '89', 'unfriended', '1982-08-28 08:06:52', '2019-05-08 07:13:44');
INSERT INTO `friend_requests` (`initiator_user_id`, `target_user_id`, `status`, `requested_at`, `confirmed_at`) VALUES ('90', '90', 'unfriended', '1993-05-16 22:23:48', '2008-12-31 13:33:45');
INSERT INTO `friend_requests` (`initiator_user_id`, `target_user_id`, `status`, `requested_at`, `confirmed_at`) VALUES ('91', '91', 'approved', '1980-05-12 06:23:05', '2016-07-10 12:32:25');
INSERT INTO `friend_requests` (`initiator_user_id`, `target_user_id`, `status`, `requested_at`, `confirmed_at`) VALUES ('92', '92', 'declined', '1980-01-07 01:34:39', '1995-09-01 23:46:43');
INSERT INTO `friend_requests` (`initiator_user_id`, `target_user_id`, `status`, `requested_at`, `confirmed_at`) VALUES ('93', '93', 'unfriended', '1992-08-16 09:05:23', '1970-06-10 18:47:54');
INSERT INTO `friend_requests` (`initiator_user_id`, `target_user_id`, `status`, `requested_at`, `confirmed_at`) VALUES ('94', '94', 'approved', '1992-07-03 22:51:18', '2014-10-31 10:16:32');
INSERT INTO `friend_requests` (`initiator_user_id`, `target_user_id`, `status`, `requested_at`, `confirmed_at`) VALUES ('95', '95', 'unfriended', '2009-01-20 21:02:09', '2009-10-12 15:03:51');
INSERT INTO `friend_requests` (`initiator_user_id`, `target_user_id`, `status`, `requested_at`, `confirmed_at`) VALUES ('96', '96', 'requested', '1983-12-02 23:31:13', '1990-02-22 15:09:01');
INSERT INTO `friend_requests` (`initiator_user_id`, `target_user_id`, `status`, `requested_at`, `confirmed_at`) VALUES ('97', '97', 'declined', '2003-03-26 12:54:48', '2008-04-13 04:51:59');
INSERT INTO `friend_requests` (`initiator_user_id`, `target_user_id`, `status`, `requested_at`, `confirmed_at`) VALUES ('98', '98', 'declined', '1981-09-24 23:40:44', '2005-08-11 10:56:02');
INSERT INTO `friend_requests` (`initiator_user_id`, `target_user_id`, `status`, `requested_at`, `confirmed_at`) VALUES ('99', '99', 'approved', '1995-11-26 23:19:03', '1970-07-22 01:37:38');
INSERT INTO `friend_requests` (`initiator_user_id`, `target_user_id`, `status`, `requested_at`, `confirmed_at`) VALUES ('100', '100', 'unfriended', '2018-08-10 22:48:46', '2017-01-13 13:42:33');


#
# TABLE STRUCTURE FOR: likes
#

DROP TABLE IF EXISTS `likes`;

CREATE TABLE `likes` (
  `id` bigint(20) unsigned NOT NULL AUTO_INCREMENT,
  `user_id` bigint(20) unsigned NOT NULL,
  `media_id` bigint(20) unsigned NOT NULL,
  `created_at` datetime DEFAULT current_timestamp(),
  PRIMARY KEY (`id`)
) ENGINE=InnoDB AUTO_INCREMENT=101 DEFAULT CHARSET=utf8 COLLATE=utf8_unicode_ci;

INSERT INTO `likes` (`id`, `user_id`, `media_id`, `created_at`) VALUES ('1', '1', '1', '2016-11-02 09:00:53');
INSERT INTO `likes` (`id`, `user_id`, `media_id`, `created_at`) VALUES ('2', '2', '2', '2000-06-07 17:46:58');
INSERT INTO `likes` (`id`, `user_id`, `media_id`, `created_at`) VALUES ('3', '3', '3', '2009-04-17 08:51:30');
INSERT INTO `likes` (`id`, `user_id`, `media_id`, `created_at`) VALUES ('4', '4', '4', '1977-10-08 05:51:42');
INSERT INTO `likes` (`id`, `user_id`, `media_id`, `created_at`) VALUES ('5', '5', '5', '1992-02-29 22:40:45');
INSERT INTO `likes` (`id`, `user_id`, `media_id`, `created_at`) VALUES ('6', '6', '6', '2005-04-30 09:01:43');
INSERT INTO `likes` (`id`, `user_id`, `media_id`, `created_at`) VALUES ('7', '7', '7', '2008-06-06 11:50:16');
INSERT INTO `likes` (`id`, `user_id`, `media_id`, `created_at`) VALUES ('8', '8', '8', '2011-10-23 19:27:04');
INSERT INTO `likes` (`id`, `user_id`, `media_id`, `created_at`) VALUES ('9', '9', '9', '1981-08-09 12:04:59');
INSERT INTO `likes` (`id`, `user_id`, `media_id`, `created_at`) VALUES ('10', '10', '10', '1985-11-18 08:19:57');
INSERT INTO `likes` (`id`, `user_id`, `media_id`, `created_at`) VALUES ('11', '11', '11', '1973-07-03 21:49:09');
INSERT INTO `likes` (`id`, `user_id`, `media_id`, `created_at`) VALUES ('12', '12', '12', '2014-09-02 20:55:27');
INSERT INTO `likes` (`id`, `user_id`, `media_id`, `created_at`) VALUES ('13', '13', '13', '1987-10-29 14:40:10');
INSERT INTO `likes` (`id`, `user_id`, `media_id`, `created_at`) VALUES ('14', '14', '14', '2003-09-06 07:34:18');
INSERT INTO `likes` (`id`, `user_id`, `media_id`, `created_at`) VALUES ('15', '15', '15', '1996-08-10 00:20:02');
INSERT INTO `likes` (`id`, `user_id`, `media_id`, `created_at`) VALUES ('16', '16', '16', '1983-01-03 21:59:42');
INSERT INTO `likes` (`id`, `user_id`, `media_id`, `created_at`) VALUES ('17', '17', '17', '2012-10-16 22:25:59');
INSERT INTO `likes` (`id`, `user_id`, `media_id`, `created_at`) VALUES ('18', '18', '18', '1978-02-03 23:55:10');
INSERT INTO `likes` (`id`, `user_id`, `media_id`, `created_at`) VALUES ('19', '19', '19', '1984-01-28 14:44:51');
INSERT INTO `likes` (`id`, `user_id`, `media_id`, `created_at`) VALUES ('20', '20', '20', '1977-12-21 01:51:30');
INSERT INTO `likes` (`id`, `user_id`, `media_id`, `created_at`) VALUES ('21', '21', '21', '1970-12-09 03:27:22');
INSERT INTO `likes` (`id`, `user_id`, `media_id`, `created_at`) VALUES ('22', '22', '22', '1999-03-23 11:20:05');
INSERT INTO `likes` (`id`, `user_id`, `media_id`, `created_at`) VALUES ('23', '23', '23', '1988-10-21 15:05:43');
INSERT INTO `likes` (`id`, `user_id`, `media_id`, `created_at`) VALUES ('24', '24', '24', '1981-06-04 12:07:44');
INSERT INTO `likes` (`id`, `user_id`, `media_id`, `created_at`) VALUES ('25', '25', '25', '2006-04-18 18:22:16');
INSERT INTO `likes` (`id`, `user_id`, `media_id`, `created_at`) VALUES ('26', '26', '26', '1985-04-13 04:27:16');
INSERT INTO `likes` (`id`, `user_id`, `media_id`, `created_at`) VALUES ('27', '27', '27', '1982-05-10 14:20:46');
INSERT INTO `likes` (`id`, `user_id`, `media_id`, `created_at`) VALUES ('28', '28', '28', '1989-08-08 21:27:41');
INSERT INTO `likes` (`id`, `user_id`, `media_id`, `created_at`) VALUES ('29', '29', '29', '2007-10-30 00:38:59');
INSERT INTO `likes` (`id`, `user_id`, `media_id`, `created_at`) VALUES ('30', '30', '30', '2007-03-31 08:47:09');
INSERT INTO `likes` (`id`, `user_id`, `media_id`, `created_at`) VALUES ('31', '31', '31', '1979-06-12 01:02:17');
INSERT INTO `likes` (`id`, `user_id`, `media_id`, `created_at`) VALUES ('32', '32', '32', '2015-08-09 03:26:15');
INSERT INTO `likes` (`id`, `user_id`, `media_id`, `created_at`) VALUES ('33', '33', '33', '1980-08-17 23:55:43');
INSERT INTO `likes` (`id`, `user_id`, `media_id`, `created_at`) VALUES ('34', '34', '34', '1986-09-23 13:20:23');
INSERT INTO `likes` (`id`, `user_id`, `media_id`, `created_at`) VALUES ('35', '35', '35', '2004-04-30 08:45:37');
INSERT INTO `likes` (`id`, `user_id`, `media_id`, `created_at`) VALUES ('36', '36', '36', '2010-03-01 19:31:01');
INSERT INTO `likes` (`id`, `user_id`, `media_id`, `created_at`) VALUES ('37', '37', '37', '2014-04-03 11:17:10');
INSERT INTO `likes` (`id`, `user_id`, `media_id`, `created_at`) VALUES ('38', '38', '38', '2003-09-30 21:11:08');
INSERT INTO `likes` (`id`, `user_id`, `media_id`, `created_at`) VALUES ('39', '39', '39', '1992-02-29 21:51:32');
INSERT INTO `likes` (`id`, `user_id`, `media_id`, `created_at`) VALUES ('40', '40', '40', '1975-06-27 17:56:22');
INSERT INTO `likes` (`id`, `user_id`, `media_id`, `created_at`) VALUES ('41', '41', '41', '1989-06-23 19:26:02');
INSERT INTO `likes` (`id`, `user_id`, `media_id`, `created_at`) VALUES ('42', '42', '42', '1989-09-20 15:17:13');
INSERT INTO `likes` (`id`, `user_id`, `media_id`, `created_at`) VALUES ('43', '43', '43', '2014-08-22 18:48:32');
INSERT INTO `likes` (`id`, `user_id`, `media_id`, `created_at`) VALUES ('44', '44', '44', '2002-08-01 03:40:58');
INSERT INTO `likes` (`id`, `user_id`, `media_id`, `created_at`) VALUES ('45', '45', '45', '1988-10-14 15:38:47');
INSERT INTO `likes` (`id`, `user_id`, `media_id`, `created_at`) VALUES ('46', '46', '46', '2000-07-27 05:39:25');
INSERT INTO `likes` (`id`, `user_id`, `media_id`, `created_at`) VALUES ('47', '47', '47', '2014-06-12 23:34:43');
INSERT INTO `likes` (`id`, `user_id`, `media_id`, `created_at`) VALUES ('48', '48', '48', '2014-06-24 01:56:06');
INSERT INTO `likes` (`id`, `user_id`, `media_id`, `created_at`) VALUES ('49', '49', '49', '1977-01-31 23:44:41');
INSERT INTO `likes` (`id`, `user_id`, `media_id`, `created_at`) VALUES ('50', '50', '50', '1974-12-28 03:13:11');
INSERT INTO `likes` (`id`, `user_id`, `media_id`, `created_at`) VALUES ('51', '51', '51', '1974-09-12 07:29:48');
INSERT INTO `likes` (`id`, `user_id`, `media_id`, `created_at`) VALUES ('52', '52', '52', '1981-11-13 08:21:02');
INSERT INTO `likes` (`id`, `user_id`, `media_id`, `created_at`) VALUES ('53', '53', '53', '2006-09-02 16:50:37');
INSERT INTO `likes` (`id`, `user_id`, `media_id`, `created_at`) VALUES ('54', '54', '54', '2019-06-25 12:48:15');
INSERT INTO `likes` (`id`, `user_id`, `media_id`, `created_at`) VALUES ('55', '55', '55', '1971-07-23 16:09:12');
INSERT INTO `likes` (`id`, `user_id`, `media_id`, `created_at`) VALUES ('56', '56', '56', '1981-12-31 06:17:21');
INSERT INTO `likes` (`id`, `user_id`, `media_id`, `created_at`) VALUES ('57', '57', '57', '2005-04-28 12:37:11');
INSERT INTO `likes` (`id`, `user_id`, `media_id`, `created_at`) VALUES ('58', '58', '58', '1990-10-22 15:21:43');
INSERT INTO `likes` (`id`, `user_id`, `media_id`, `created_at`) VALUES ('59', '59', '59', '1991-07-04 06:39:39');
INSERT INTO `likes` (`id`, `user_id`, `media_id`, `created_at`) VALUES ('60', '60', '60', '2000-01-20 19:13:33');
INSERT INTO `likes` (`id`, `user_id`, `media_id`, `created_at`) VALUES ('61', '61', '61', '2017-07-03 02:11:57');
INSERT INTO `likes` (`id`, `user_id`, `media_id`, `created_at`) VALUES ('62', '62', '62', '1991-04-24 00:51:35');
INSERT INTO `likes` (`id`, `user_id`, `media_id`, `created_at`) VALUES ('63', '63', '63', '1972-12-05 21:58:41');
INSERT INTO `likes` (`id`, `user_id`, `media_id`, `created_at`) VALUES ('64', '64', '64', '1976-11-01 03:44:20');
INSERT INTO `likes` (`id`, `user_id`, `media_id`, `created_at`) VALUES ('65', '65', '65', '2007-11-18 13:24:20');
INSERT INTO `likes` (`id`, `user_id`, `media_id`, `created_at`) VALUES ('66', '66', '66', '1980-08-14 12:23:12');
INSERT INTO `likes` (`id`, `user_id`, `media_id`, `created_at`) VALUES ('67', '67', '67', '2011-03-29 16:15:13');
INSERT INTO `likes` (`id`, `user_id`, `media_id`, `created_at`) VALUES ('68', '68', '68', '2013-09-28 18:28:09');
INSERT INTO `likes` (`id`, `user_id`, `media_id`, `created_at`) VALUES ('69', '69', '69', '1977-03-23 17:29:17');
INSERT INTO `likes` (`id`, `user_id`, `media_id`, `created_at`) VALUES ('70', '70', '70', '2004-12-20 11:41:29');
INSERT INTO `likes` (`id`, `user_id`, `media_id`, `created_at`) VALUES ('71', '71', '71', '1993-11-11 18:06:49');
INSERT INTO `likes` (`id`, `user_id`, `media_id`, `created_at`) VALUES ('72', '72', '72', '1994-09-15 16:44:46');
INSERT INTO `likes` (`id`, `user_id`, `media_id`, `created_at`) VALUES ('73', '73', '73', '2003-03-27 13:44:50');
INSERT INTO `likes` (`id`, `user_id`, `media_id`, `created_at`) VALUES ('74', '74', '74', '1997-02-22 22:44:21');
INSERT INTO `likes` (`id`, `user_id`, `media_id`, `created_at`) VALUES ('75', '75', '75', '2002-05-12 11:30:40');
INSERT INTO `likes` (`id`, `user_id`, `media_id`, `created_at`) VALUES ('76', '76', '76', '1996-02-11 00:58:23');
INSERT INTO `likes` (`id`, `user_id`, `media_id`, `created_at`) VALUES ('77', '77', '77', '1975-06-10 11:30:29');
INSERT INTO `likes` (`id`, `user_id`, `media_id`, `created_at`) VALUES ('78', '78', '78', '1993-02-18 13:13:25');
INSERT INTO `likes` (`id`, `user_id`, `media_id`, `created_at`) VALUES ('79', '79', '79', '1986-03-18 09:28:43');
INSERT INTO `likes` (`id`, `user_id`, `media_id`, `created_at`) VALUES ('80', '80', '80', '1992-10-08 18:17:31');
INSERT INTO `likes` (`id`, `user_id`, `media_id`, `created_at`) VALUES ('81', '81', '81', '1977-09-10 10:09:46');
INSERT INTO `likes` (`id`, `user_id`, `media_id`, `created_at`) VALUES ('82', '82', '82', '2004-05-29 10:06:08');
INSERT INTO `likes` (`id`, `user_id`, `media_id`, `created_at`) VALUES ('83', '83', '83', '2011-08-17 12:20:49');
INSERT INTO `likes` (`id`, `user_id`, `media_id`, `created_at`) VALUES ('84', '84', '84', '1996-10-03 21:23:30');
INSERT INTO `likes` (`id`, `user_id`, `media_id`, `created_at`) VALUES ('85', '85', '85', '1976-11-15 23:48:04');
INSERT INTO `likes` (`id`, `user_id`, `media_id`, `created_at`) VALUES ('86', '86', '86', '2017-09-04 12:59:43');
INSERT INTO `likes` (`id`, `user_id`, `media_id`, `created_at`) VALUES ('87', '87', '87', '1988-04-01 11:19:56');
INSERT INTO `likes` (`id`, `user_id`, `media_id`, `created_at`) VALUES ('88', '88', '88', '2000-03-09 16:17:20');
INSERT INTO `likes` (`id`, `user_id`, `media_id`, `created_at`) VALUES ('89', '89', '89', '2002-05-20 22:10:29');
INSERT INTO `likes` (`id`, `user_id`, `media_id`, `created_at`) VALUES ('90', '90', '90', '2009-08-31 01:54:12');
INSERT INTO `likes` (`id`, `user_id`, `media_id`, `created_at`) VALUES ('91', '91', '91', '1994-09-28 19:10:00');
INSERT INTO `likes` (`id`, `user_id`, `media_id`, `created_at`) VALUES ('92', '92', '92', '2019-09-28 15:08:04');
INSERT INTO `likes` (`id`, `user_id`, `media_id`, `created_at`) VALUES ('93', '93', '93', '2010-12-23 08:09:48');
INSERT INTO `likes` (`id`, `user_id`, `media_id`, `created_at`) VALUES ('94', '94', '94', '1973-05-25 23:01:54');
INSERT INTO `likes` (`id`, `user_id`, `media_id`, `created_at`) VALUES ('95', '95', '95', '1988-04-25 16:55:36');
INSERT INTO `likes` (`id`, `user_id`, `media_id`, `created_at`) VALUES ('96', '96', '96', '1981-07-21 03:11:53');
INSERT INTO `likes` (`id`, `user_id`, `media_id`, `created_at`) VALUES ('97', '97', '97', '2014-12-21 23:57:01');
INSERT INTO `likes` (`id`, `user_id`, `media_id`, `created_at`) VALUES ('98', '98', '98', '1980-12-17 12:12:10');
INSERT INTO `likes` (`id`, `user_id`, `media_id`, `created_at`) VALUES ('99', '99', '99', '1978-08-17 08:27:48');
INSERT INTO `likes` (`id`, `user_id`, `media_id`, `created_at`) VALUES ('100', '100', '100', '2014-12-11 13:53:08');


#
# TABLE STRUCTURE FOR: media
#

DROP TABLE IF EXISTS `media`;

CREATE TABLE `media` (
  `id` bigint(20) unsigned NOT NULL AUTO_INCREMENT,
  `media_type_id` bigint(20) unsigned NOT NULL,
  `user_id` bigint(20) unsigned NOT NULL,
  `body` text COLLATE utf8_unicode_ci DEFAULT NULL,
  `filename` varchar(255) COLLATE utf8_unicode_ci DEFAULT NULL,
  `size` int(11) DEFAULT NULL,
  `metadata` longtext CHARACTER SET utf8mb4 COLLATE utf8mb4_bin DEFAULT NULL,
  `created_at` datetime DEFAULT current_timestamp(),
  `updated_at` datetime DEFAULT current_timestamp() ON UPDATE current_timestamp(),
  PRIMARY KEY (`id`),
  KEY `user_id` (`user_id`),
  KEY `media_type_id` (`media_type_id`),
  CONSTRAINT `media_ibfk_1` FOREIGN KEY (`user_id`) REFERENCES `users` (`id`),
  CONSTRAINT `media_ibfk_2` FOREIGN KEY (`media_type_id`) REFERENCES `media_types` (`id`)
) ENGINE=InnoDB AUTO_INCREMENT=101 DEFAULT CHARSET=utf8 COLLATE=utf8_unicode_ci;

INSERT INTO `media` (`id`, `media_type_id`, `user_id`, `body`, `filename`, `size`, `metadata`, `created_at`, `updated_at`) VALUES ('1', '1', '1', 'Quo cumque velit commodi officiis. Vel tempore voluptatibus nisi ab quisquam mollitia rerum. Blanditiis sapiente ducimus voluptatibus aliquid.', 'mollitia', 8310, NULL, '1970-06-25 16:24:14', '2005-05-04 22:38:14');
INSERT INTO `media` (`id`, `media_type_id`, `user_id`, `body`, `filename`, `size`, `metadata`, `created_at`, `updated_at`) VALUES ('2', '2', '2', 'Veritatis aut maxime alias. Dolore qui officia veritatis voluptatum error iste. Iusto sequi quidem ullam laboriosam.', 'accusamus', 852904897, NULL, '2015-06-30 05:25:06', '1992-12-21 12:47:10');
INSERT INTO `media` (`id`, `media_type_id`, `user_id`, `body`, `filename`, `size`, `metadata`, `created_at`, `updated_at`) VALUES ('3', '3', '3', 'Atque aut pariatur provident nihil delectus. Qui iure maxime id architecto. Nihil libero voluptatem aut qui sint ut.', 'enim', 0, NULL, '1995-01-23 15:17:46', '1975-08-18 01:19:00');
INSERT INTO `media` (`id`, `media_type_id`, `user_id`, `body`, `filename`, `size`, `metadata`, `created_at`, `updated_at`) VALUES ('4', '4', '4', 'Accusamus fuga harum qui rem molestiae et recusandae. Labore dolorem cum corporis provident voluptatem assumenda sunt voluptatem. Nihil odio accusamus incidunt quia officia laborum nam.', 'quos', 78332, NULL, '1975-11-25 05:46:15', '1974-11-25 17:03:36');
INSERT INTO `media` (`id`, `media_type_id`, `user_id`, `body`, `filename`, `size`, `metadata`, `created_at`, `updated_at`) VALUES ('5', '5', '5', 'Nostrum sapiente sed consequatur ut et quo impedit. Non quae iste esse delectus amet sunt natus. Temporibus perferendis sunt officiis fugiat qui molestiae quasi.', 'distinctio', 334, NULL, '1998-04-02 10:07:25', '1994-12-07 03:18:26');
INSERT INTO `media` (`id`, `media_type_id`, `user_id`, `body`, `filename`, `size`, `metadata`, `created_at`, `updated_at`) VALUES ('6', '6', '6', 'Nostrum qui illo quam similique. Sed beatae magni quos id ut. Dignissimos saepe dolore debitis hic id explicabo.', 'voluptas', 5567, NULL, '1979-09-04 22:35:00', '1989-02-03 11:21:53');
INSERT INTO `media` (`id`, `media_type_id`, `user_id`, `body`, `filename`, `size`, `metadata`, `created_at`, `updated_at`) VALUES ('7', '7', '7', 'Libero provident commodi dicta provident. Porro rerum harum voluptas laudantium molestiae natus. Et nihil a laboriosam animi asperiores natus omnis. Omnis laboriosam repellendus ut soluta tenetur voluptas.', 'amet', 286520, NULL, '2019-09-24 03:07:11', '2005-02-16 21:12:07');
INSERT INTO `media` (`id`, `media_type_id`, `user_id`, `body`, `filename`, `size`, `metadata`, `created_at`, `updated_at`) VALUES ('8', '8', '8', 'Sed et omnis molestiae voluptatem eum ut. Quasi aspernatur et possimus iure atque culpa perferendis. Error culpa voluptatibus accusantium unde est ratione.', 'nihil', 59494013, NULL, '1983-01-07 17:08:45', '2014-06-17 02:31:42');
INSERT INTO `media` (`id`, `media_type_id`, `user_id`, `body`, `filename`, `size`, `metadata`, `created_at`, `updated_at`) VALUES ('9', '9', '9', 'Corrupti voluptatibus omnis cum ut et consequuntur nihil. Nihil sint velit laborum aut eum voluptatem repellat et. Autem molestiae reiciendis quia aspernatur maxime qui ut nulla.', 'neque', 0, NULL, '2018-06-24 05:52:41', '1975-04-25 15:05:32');
INSERT INTO `media` (`id`, `media_type_id`, `user_id`, `body`, `filename`, `size`, `metadata`, `created_at`, `updated_at`) VALUES ('10', '10', '10', 'Amet aliquid quod nostrum nulla. Itaque reprehenderit blanditiis eos incidunt. Nihil ut ullam nobis quibusdam.', 'ipsa', 29898, NULL, '2007-09-23 14:46:51', '1998-05-05 16:50:29');
INSERT INTO `media` (`id`, `media_type_id`, `user_id`, `body`, `filename`, `size`, `metadata`, `created_at`, `updated_at`) VALUES ('11', '11', '11', 'Vero expedita ipsa nobis eaque saepe. Officia vel officia ut omnis consectetur quis ratione et. Nostrum cum corrupti qui dolore excepturi iure.', 'dolor', 7, NULL, '1971-12-15 02:01:14', '1992-01-23 21:31:29');
INSERT INTO `media` (`id`, `media_type_id`, `user_id`, `body`, `filename`, `size`, `metadata`, `created_at`, `updated_at`) VALUES ('12', '12', '12', 'Ut velit enim beatae dolores velit sed voluptatem ipsam. Quo quia est eos odio culpa eos qui ipsam. Illum minima deleniti perferendis corporis.', 'voluptas', 5805826, NULL, '1991-05-16 14:14:36', '1978-09-08 23:09:13');
INSERT INTO `media` (`id`, `media_type_id`, `user_id`, `body`, `filename`, `size`, `metadata`, `created_at`, `updated_at`) VALUES ('13', '13', '13', 'Inventore quod culpa qui nobis et odio. Voluptatum iste consequuntur ut quos. Molestiae voluptas doloribus dolor atque explicabo molestiae velit. Veritatis rerum omnis error quam quia repellat repudiandae. Illum sunt et vel ratione.', 'et', 7, NULL, '2012-12-10 15:53:42', '1990-02-18 21:50:13');
INSERT INTO `media` (`id`, `media_type_id`, `user_id`, `body`, `filename`, `size`, `metadata`, `created_at`, `updated_at`) VALUES ('14', '14', '14', 'Quia voluptatem eveniet nesciunt voluptatibus. Architecto architecto aut incidunt occaecati officia soluta vitae. Sapiente expedita qui enim. Ut autem voluptatem et dolorum nam consequatur repellendus.', 'rerum', 29698181, NULL, '1977-02-18 06:18:19', '2002-11-15 20:38:58');
INSERT INTO `media` (`id`, `media_type_id`, `user_id`, `body`, `filename`, `size`, `metadata`, `created_at`, `updated_at`) VALUES ('15', '15', '15', 'Quia qui odit consequatur autem odit aut architecto. Perferendis vel iste ea minus. Consequuntur rerum autem placeat veritatis voluptas qui minima.', 'minus', 55352, NULL, '1990-01-03 17:51:39', '1978-09-06 13:33:57');
INSERT INTO `media` (`id`, `media_type_id`, `user_id`, `body`, `filename`, `size`, `metadata`, `created_at`, `updated_at`) VALUES ('16', '16', '16', 'Deleniti rem ducimus qui maxime et nulla ad. Quia nihil molestias et. Exercitationem saepe officia voluptates voluptatem.', 'impedit', 68088, NULL, '2018-07-29 19:17:01', '1979-11-02 13:28:45');
INSERT INTO `media` (`id`, `media_type_id`, `user_id`, `body`, `filename`, `size`, `metadata`, `created_at`, `updated_at`) VALUES ('17', '17', '17', 'Ducimus aut sed provident ratione. Ut aut nisi est. Voluptatibus ut mollitia architecto possimus autem reiciendis. Repellendus inventore omnis molestiae sint aut quos.', 'ex', 68, NULL, '2013-11-02 20:39:48', '1981-03-06 19:36:00');
INSERT INTO `media` (`id`, `media_type_id`, `user_id`, `body`, `filename`, `size`, `metadata`, `created_at`, `updated_at`) VALUES ('18', '18', '18', 'Soluta doloribus dolore facilis. Et et et qui quis sunt. Odit ut placeat sunt culpa.', 'eum', 3, NULL, '2019-04-15 13:09:16', '1972-05-02 04:36:07');
INSERT INTO `media` (`id`, `media_type_id`, `user_id`, `body`, `filename`, `size`, `metadata`, `created_at`, `updated_at`) VALUES ('19', '19', '19', 'Rerum eligendi amet velit explicabo quia debitis adipisci commodi. Delectus laudantium quas eius vel ipsam. Repellat doloribus nisi aspernatur eligendi impedit sunt. Id itaque culpa ut voluptas. Quam iure et minus.', 'iste', 7, NULL, '2008-03-06 02:27:42', '1989-05-05 07:13:51');
INSERT INTO `media` (`id`, `media_type_id`, `user_id`, `body`, `filename`, `size`, `metadata`, `created_at`, `updated_at`) VALUES ('20', '20', '20', 'Accusantium doloremque sed aut ratione est blanditiis quibusdam. Quis dignissimos rerum non illo dolores quae. Id quia reiciendis numquam praesentium. Illo porro doloribus corporis eligendi placeat occaecati eos aut.', 'rerum', 9302, NULL, '1982-03-10 05:00:15', '1999-01-09 16:32:46');
INSERT INTO `media` (`id`, `media_type_id`, `user_id`, `body`, `filename`, `size`, `metadata`, `created_at`, `updated_at`) VALUES ('21', '21', '21', 'Accusamus dolores labore ut numquam perferendis. Consequatur qui et fugiat fugit iure. Quam tempora velit repellat quidem et impedit.', 'dolorem', 450, NULL, '1995-09-19 05:15:40', '1990-02-09 20:35:43');
INSERT INTO `media` (`id`, `media_type_id`, `user_id`, `body`, `filename`, `size`, `metadata`, `created_at`, `updated_at`) VALUES ('22', '22', '22', 'Eum laborum expedita est voluptates debitis pariatur consectetur. Reprehenderit neque numquam consequatur et sed est quo quas. Nihil optio placeat consectetur rerum ipsa.', 'quo', 677397, NULL, '2003-06-21 15:14:35', '1989-11-11 15:58:49');
INSERT INTO `media` (`id`, `media_type_id`, `user_id`, `body`, `filename`, `size`, `metadata`, `created_at`, `updated_at`) VALUES ('23', '23', '23', 'Dolor cum ratione alias rerum voluptates. Quidem aliquam culpa enim et eum commodi necessitatibus. Hic eum aut dicta ipsum quibusdam et odio.', 'recusandae', 41068, NULL, '1974-12-30 14:06:41', '1979-08-24 09:27:44');
INSERT INTO `media` (`id`, `media_type_id`, `user_id`, `body`, `filename`, `size`, `metadata`, `created_at`, `updated_at`) VALUES ('24', '24', '24', 'Veritatis quia laborum aperiam asperiores odio. Adipisci et dolores ipsam sequi. Consequatur ut rerum voluptatem voluptatum ipsam nostrum sit.', 'et', 26219, NULL, '2006-06-26 06:09:39', '1998-04-05 19:00:28');
INSERT INTO `media` (`id`, `media_type_id`, `user_id`, `body`, `filename`, `size`, `metadata`, `created_at`, `updated_at`) VALUES ('25', '25', '25', 'Beatae unde minima repudiandae possimus veniam perferendis velit. Veniam sapiente animi nesciunt voluptas eaque amet adipisci. Rem placeat maiores dolore natus provident sunt non.', 'cupiditate', 53174247, NULL, '2005-11-01 00:45:18', '1975-06-28 11:59:15');
INSERT INTO `media` (`id`, `media_type_id`, `user_id`, `body`, `filename`, `size`, `metadata`, `created_at`, `updated_at`) VALUES ('26', '26', '26', 'Eos quam quos et aperiam omnis vitae corporis. Suscipit ut quia doloribus dolorem quas odio. Quo aperiam maxime explicabo minima quasi.', 'voluptas', 1314670, NULL, '2003-12-01 12:45:18', '1977-11-10 14:12:50');
INSERT INTO `media` (`id`, `media_type_id`, `user_id`, `body`, `filename`, `size`, `metadata`, `created_at`, `updated_at`) VALUES ('27', '27', '27', 'Debitis explicabo sit velit consequatur eius molestiae voluptates. Magni cupiditate voluptatem laborum et qui voluptas. Et dolor adipisci eum nemo qui ea inventore. Tempore voluptatem praesentium itaque optio labore dolores aut itaque. Iste cum non consequatur.', 'voluptatibus', 12977848, NULL, '2005-03-12 12:40:30', '2018-05-10 06:30:35');
INSERT INTO `media` (`id`, `media_type_id`, `user_id`, `body`, `filename`, `size`, `metadata`, `created_at`, `updated_at`) VALUES ('28', '28', '28', 'Rerum dolorem officiis molestiae. Provident eos dolorum non sint. Illum occaecati mollitia ea a. Ullam sed illo reiciendis aut sit incidunt fuga.', 'explicabo', 305215, NULL, '2003-07-12 16:26:26', '1991-07-24 11:49:04');
INSERT INTO `media` (`id`, `media_type_id`, `user_id`, `body`, `filename`, `size`, `metadata`, `created_at`, `updated_at`) VALUES ('29', '29', '29', 'Quaerat excepturi consequatur sit tempora. Sunt officia praesentium modi ut sit quas quod. Ratione aut sed eveniet autem dignissimos nostrum. Nihil consequatur est qui velit dolore et ratione.', 'est', 17720714, NULL, '1978-06-17 01:40:12', '1995-09-18 14:26:32');
INSERT INTO `media` (`id`, `media_type_id`, `user_id`, `body`, `filename`, `size`, `metadata`, `created_at`, `updated_at`) VALUES ('30', '30', '30', 'Odit alias voluptatem laborum ipsam recusandae possimus. Omnis inventore est quas tenetur facere maxime atque. Rem nostrum distinctio nostrum doloremque.', 'dolores', 78, NULL, '1976-09-19 11:00:06', '1987-03-01 10:25:50');
INSERT INTO `media` (`id`, `media_type_id`, `user_id`, `body`, `filename`, `size`, `metadata`, `created_at`, `updated_at`) VALUES ('31', '31', '31', 'Soluta sit asperiores ad facilis sequi dignissimos. Omnis laudantium numquam maxime sunt rem est. Perferendis aliquid rerum et et aspernatur explicabo. Nesciunt quia sed rerum ut quos. Quae omnis ut vel explicabo sapiente minima.', 'deleniti', 0, NULL, '1973-04-21 14:22:00', '1992-12-23 18:57:25');
INSERT INTO `media` (`id`, `media_type_id`, `user_id`, `body`, `filename`, `size`, `metadata`, `created_at`, `updated_at`) VALUES ('32', '32', '32', 'Quod repellendus voluptas aut aliquid qui. Fugiat dicta illo iste alias. Impedit illo iure labore et. Voluptatem pariatur quia voluptas quia.', 'qui', 878140359, NULL, '1977-12-22 18:08:38', '2018-07-27 09:22:02');
INSERT INTO `media` (`id`, `media_type_id`, `user_id`, `body`, `filename`, `size`, `metadata`, `created_at`, `updated_at`) VALUES ('33', '33', '33', 'Repudiandae maxime et est ut nostrum voluptas et. In accusamus quasi omnis. Impedit dicta ab aliquam. Ut sint illum doloremque consequatur.', 'voluptatem', 5870, NULL, '1992-08-15 00:45:26', '2014-03-26 13:46:50');
INSERT INTO `media` (`id`, `media_type_id`, `user_id`, `body`, `filename`, `size`, `metadata`, `created_at`, `updated_at`) VALUES ('34', '34', '34', 'Esse officia ut at quasi itaque temporibus consequatur ratione. Numquam ea rerum pariatur. Quidem occaecati recusandae in impedit et corrupti pariatur labore.', 'quidem', 20805, NULL, '1970-06-04 14:20:56', '1977-03-04 23:43:26');
INSERT INTO `media` (`id`, `media_type_id`, `user_id`, `body`, `filename`, `size`, `metadata`, `created_at`, `updated_at`) VALUES ('35', '35', '35', 'Inventore doloremque aut dolore quam earum est ullam. Animi optio reiciendis nostrum ducimus cum esse. At sed illum nemo occaecati cupiditate non laborum sit. Consequatur sed inventore aut perferendis quia aspernatur et.', 'a', 1931, NULL, '1991-03-15 01:17:33', '1982-03-09 05:44:47');
INSERT INTO `media` (`id`, `media_type_id`, `user_id`, `body`, `filename`, `size`, `metadata`, `created_at`, `updated_at`) VALUES ('36', '36', '36', 'Necessitatibus necessitatibus quia quia qui quod deleniti velit sunt. Eveniet repellat omnis tempora debitis dolores sit voluptatem. Magni at facilis voluptatem culpa.', 'eum', 442800689, NULL, '2014-05-05 22:17:01', '2011-06-11 02:40:00');
INSERT INTO `media` (`id`, `media_type_id`, `user_id`, `body`, `filename`, `size`, `metadata`, `created_at`, `updated_at`) VALUES ('37', '37', '37', 'Deleniti ratione temporibus repellendus inventore culpa. Molestiae quo fugit iusto sapiente voluptatem quia explicabo. Nobis enim numquam nostrum tenetur ad aliquam.', 'est', 861, NULL, '2001-05-05 22:08:48', '1976-07-10 05:34:28');
INSERT INTO `media` (`id`, `media_type_id`, `user_id`, `body`, `filename`, `size`, `metadata`, `created_at`, `updated_at`) VALUES ('38', '38', '38', 'Corporis et perspiciatis optio rerum. Suscipit et nam quo. Voluptatem reiciendis aliquam et magnam officiis ducimus.', 'odio', 53624, NULL, '1976-12-15 08:10:48', '1972-06-20 04:13:40');
INSERT INTO `media` (`id`, `media_type_id`, `user_id`, `body`, `filename`, `size`, `metadata`, `created_at`, `updated_at`) VALUES ('39', '39', '39', 'Sequi quam sint molestiae asperiores est perferendis porro voluptatem. Ut veniam quas quae quae. Dolor placeat repellendus dolores nisi neque aspernatur aspernatur molestiae.', 'vel', 5948992, NULL, '1986-07-20 02:19:21', '2009-08-16 00:18:17');
INSERT INTO `media` (`id`, `media_type_id`, `user_id`, `body`, `filename`, `size`, `metadata`, `created_at`, `updated_at`) VALUES ('40', '40', '40', 'Deleniti explicabo laboriosam deleniti iure. Hic libero dolores ut officiis est. Eaque hic quia qui aut nihil molestiae odit consequuntur.', 'dolores', 88, NULL, '1997-06-08 07:05:20', '1979-10-15 18:35:25');
INSERT INTO `media` (`id`, `media_type_id`, `user_id`, `body`, `filename`, `size`, `metadata`, `created_at`, `updated_at`) VALUES ('41', '41', '41', 'Quidem adipisci dolor magni consequuntur et. Ratione dolor animi architecto et. Tempore unde aut omnis nam reiciendis temporibus ullam.', 'veniam', 62983534, NULL, '2016-10-05 15:04:36', '1980-01-19 19:20:33');
INSERT INTO `media` (`id`, `media_type_id`, `user_id`, `body`, `filename`, `size`, `metadata`, `created_at`, `updated_at`) VALUES ('42', '42', '42', 'Eum voluptate quis enim iste at id beatae. Voluptatem ut architecto rerum amet tenetur aut reiciendis. Tempore voluptatem eligendi itaque consequatur sint.', 'qui', 87, NULL, '2017-01-24 05:40:33', '1976-10-07 21:55:08');
INSERT INTO `media` (`id`, `media_type_id`, `user_id`, `body`, `filename`, `size`, `metadata`, `created_at`, `updated_at`) VALUES ('43', '43', '43', 'Hic placeat illum autem magni nulla dolores et aut. Facilis fugiat repudiandae placeat fugiat. Quam aut impedit nihil voluptate. Vel tenetur quaerat ullam assumenda excepturi.', 'ea', 0, NULL, '2015-10-08 02:42:08', '1985-11-08 08:30:27');
INSERT INTO `media` (`id`, `media_type_id`, `user_id`, `body`, `filename`, `size`, `metadata`, `created_at`, `updated_at`) VALUES ('44', '44', '44', 'Quisquam velit voluptatem voluptatibus eos. Consectetur asperiores placeat necessitatibus voluptatem. Qui sit iste consequatur ea. Debitis voluptates et eveniet. Deserunt quo incidunt quasi praesentium culpa.', 'magnam', 9, NULL, '2013-12-21 20:14:51', '1982-05-24 22:24:03');
INSERT INTO `media` (`id`, `media_type_id`, `user_id`, `body`, `filename`, `size`, `metadata`, `created_at`, `updated_at`) VALUES ('45', '45', '45', 'Et et iure sit tenetur omnis fuga. Et rerum ipsam totam dolorum. Quis cupiditate aut aut hic harum.', 'placeat', 78925, NULL, '2000-05-12 16:29:08', '2010-12-04 01:58:36');
INSERT INTO `media` (`id`, `media_type_id`, `user_id`, `body`, `filename`, `size`, `metadata`, `created_at`, `updated_at`) VALUES ('46', '46', '46', 'Vel et incidunt fugit sapiente illum et eos. Dolorem tempore dolores ut. Voluptatum itaque impedit sed atque. Occaecati repellat sed blanditiis quo sit voluptatem.', 'tenetur', 59617806, NULL, '2013-03-12 20:51:24', '2009-06-03 02:17:33');
INSERT INTO `media` (`id`, `media_type_id`, `user_id`, `body`, `filename`, `size`, `metadata`, `created_at`, `updated_at`) VALUES ('47', '47', '47', 'Quis animi nemo eveniet. Repudiandae omnis omnis eveniet consequatur rerum aut. Optio sit sunt et ut vel quo eum. Veritatis et quam qui amet.', 'quibusdam', 4518, NULL, '1996-10-13 04:04:47', '1975-06-14 10:12:44');
INSERT INTO `media` (`id`, `media_type_id`, `user_id`, `body`, `filename`, `size`, `metadata`, `created_at`, `updated_at`) VALUES ('48', '48', '48', 'Esse nesciunt possimus rerum aut. Doloremque minima doloribus sit tempore odit et enim. Et quibusdam consequuntur iusto saepe quis ex pariatur. Odit aut non et.', 'architecto', 621717333, NULL, '2007-08-08 07:30:02', '2012-05-17 00:05:16');
INSERT INTO `media` (`id`, `media_type_id`, `user_id`, `body`, `filename`, `size`, `metadata`, `created_at`, `updated_at`) VALUES ('49', '49', '49', 'Repudiandae sapiente exercitationem beatae. Mollitia id et magnam quaerat esse non veritatis nostrum.', 'et', 7284, NULL, '1984-03-02 05:06:32', '2014-08-12 12:33:32');
INSERT INTO `media` (`id`, `media_type_id`, `user_id`, `body`, `filename`, `size`, `metadata`, `created_at`, `updated_at`) VALUES ('50', '50', '50', 'Voluptate autem quas sapiente incidunt quia accusantium ipsum. Maxime voluptatem ad soluta enim omnis ut esse. Quo expedita voluptas cum architecto.', 'aliquid', 0, NULL, '2018-04-03 13:45:20', '1993-02-19 12:39:19');
INSERT INTO `media` (`id`, `media_type_id`, `user_id`, `body`, `filename`, `size`, `metadata`, `created_at`, `updated_at`) VALUES ('51', '51', '51', 'Vitae quo cupiditate autem quae reprehenderit vero ut dignissimos. Non velit totam eum. Quia voluptatibus vero aut numquam.', 'error', 815, NULL, '1970-10-30 00:20:29', '1998-01-12 23:03:44');
INSERT INTO `media` (`id`, `media_type_id`, `user_id`, `body`, `filename`, `size`, `metadata`, `created_at`, `updated_at`) VALUES ('52', '52', '52', 'Qui et nam voluptatem est adipisci deserunt. Doloremque ut qui alias odio repudiandae ut quia nisi. Beatae est dicta ut quo quo.', 'omnis', 179890824, NULL, '2015-07-14 21:53:34', '2003-02-19 02:49:45');
INSERT INTO `media` (`id`, `media_type_id`, `user_id`, `body`, `filename`, `size`, `metadata`, `created_at`, `updated_at`) VALUES ('53', '53', '53', 'Qui perferendis voluptas quibusdam corrupti impedit. Adipisci est fugiat quis eos et. Quia vel dolorem aut et dolor est. Quisquam esse in animi dolor vitae consequatur consequatur.', 'voluptates', 0, NULL, '2016-12-02 20:24:11', '2002-05-09 09:22:37');
INSERT INTO `media` (`id`, `media_type_id`, `user_id`, `body`, `filename`, `size`, `metadata`, `created_at`, `updated_at`) VALUES ('54', '54', '54', 'Nulla nostrum quia omnis voluptas aspernatur ut. Voluptas qui id ea atque earum aperiam tenetur. Ut optio laudantium est consequatur veritatis. Sit tempora nobis voluptatem quo voluptatem dolorem qui.', 'voluptatem', 8643, NULL, '1995-09-13 12:59:27', '1988-04-20 19:23:57');
INSERT INTO `media` (`id`, `media_type_id`, `user_id`, `body`, `filename`, `size`, `metadata`, `created_at`, `updated_at`) VALUES ('55', '55', '55', 'Accusantium architecto et ducimus voluptas quos. Dolores enim modi non impedit consectetur quia nam aliquam.', 'quo', 58, NULL, '1990-02-04 14:39:15', '1991-09-14 19:29:27');
INSERT INTO `media` (`id`, `media_type_id`, `user_id`, `body`, `filename`, `size`, `metadata`, `created_at`, `updated_at`) VALUES ('56', '56', '56', 'Voluptatem commodi rerum sit quidem et velit. Facilis ut enim molestiae ipsam ab cum exercitationem expedita. Dignissimos quas omnis molestiae mollitia quis culpa vitae. Ipsum ut dolores sit quibusdam officia est.', 'eos', 0, NULL, '2000-11-20 11:22:40', '2004-11-22 18:36:52');
INSERT INTO `media` (`id`, `media_type_id`, `user_id`, `body`, `filename`, `size`, `metadata`, `created_at`, `updated_at`) VALUES ('57', '57', '57', 'Est consequatur minus quo illum. Nisi reprehenderit explicabo quasi consequatur praesentium provident. Sequi enim doloremque dolores et dolore. Ut impedit rem sit sint. Impedit quo reiciendis et ut debitis iure rem.', 'modi', 757084849, NULL, '2001-05-07 13:40:39', '1989-04-08 18:25:57');
INSERT INTO `media` (`id`, `media_type_id`, `user_id`, `body`, `filename`, `size`, `metadata`, `created_at`, `updated_at`) VALUES ('58', '58', '58', 'Eaque amet placeat nulla nihil officia quo. Necessitatibus maxime dicta aperiam ut dolorem error. Enim ratione vero aspernatur sint rerum provident.', 'ut', 1764036, NULL, '2003-07-13 02:11:17', '1982-05-07 23:35:06');
INSERT INTO `media` (`id`, `media_type_id`, `user_id`, `body`, `filename`, `size`, `metadata`, `created_at`, `updated_at`) VALUES ('59', '59', '59', 'Et dolorum reprehenderit non ut expedita. Porro aut suscipit non repellendus. Unde ut aut eum consectetur.', 'dolorum', 5806341, NULL, '2018-06-29 14:42:37', '1986-08-15 06:57:03');
INSERT INTO `media` (`id`, `media_type_id`, `user_id`, `body`, `filename`, `size`, `metadata`, `created_at`, `updated_at`) VALUES ('60', '60', '60', 'Atque ut velit aut molestiae molestias sit. Illo amet tempora placeat voluptatem praesentium et omnis. Iure maiores officia voluptatem in rerum ut voluptate minus. Ea a sed quia quibusdam ex qui atque minima.', 'tempora', 0, NULL, '2011-11-16 19:26:00', '1980-11-26 08:43:21');
INSERT INTO `media` (`id`, `media_type_id`, `user_id`, `body`, `filename`, `size`, `metadata`, `created_at`, `updated_at`) VALUES ('61', '61', '61', 'Excepturi illum non iure recusandae odit exercitationem laboriosam. Non quos facilis in maxime nihil. Qui debitis alias molestiae distinctio non maiores.', 'et', 0, NULL, '2004-04-22 20:23:22', '1995-10-16 11:48:40');
INSERT INTO `media` (`id`, `media_type_id`, `user_id`, `body`, `filename`, `size`, `metadata`, `created_at`, `updated_at`) VALUES ('62', '62', '62', 'Accusantium nemo accusamus nihil deserunt. Ducimus ea molestias ratione. Rerum veritatis tempore fugit et ab.', 'velit', 43961, NULL, '1983-01-29 11:29:51', '2011-02-08 04:59:29');
INSERT INTO `media` (`id`, `media_type_id`, `user_id`, `body`, `filename`, `size`, `metadata`, `created_at`, `updated_at`) VALUES ('63', '63', '63', 'Laborum ut iusto et. Fuga itaque quam quisquam eaque commodi. Libero porro architecto omnis.', 'ab', 59, NULL, '2004-07-29 02:53:30', '1983-02-03 05:37:42');
INSERT INTO `media` (`id`, `media_type_id`, `user_id`, `body`, `filename`, `size`, `metadata`, `created_at`, `updated_at`) VALUES ('64', '64', '64', 'At omnis molestiae nihil officiis aut in. Distinctio est qui ipsam sint odit rem voluptatibus placeat. Maiores occaecati incidunt quam.', 'incidunt', 30, NULL, '1991-12-15 19:19:17', '1984-03-13 21:50:52');
INSERT INTO `media` (`id`, `media_type_id`, `user_id`, `body`, `filename`, `size`, `metadata`, `created_at`, `updated_at`) VALUES ('65', '65', '65', 'Quasi aut ex nihil. Officiis quidem qui perferendis nam voluptatibus voluptatem. Suscipit saepe est natus voluptas. Velit eligendi ipsam temporibus ea laborum ex.', 'ex', 5677758, NULL, '2019-01-18 19:16:37', '2010-06-16 14:40:49');
INSERT INTO `media` (`id`, `media_type_id`, `user_id`, `body`, `filename`, `size`, `metadata`, `created_at`, `updated_at`) VALUES ('66', '66', '66', 'Quia laudantium enim eos dolorem nam. Suscipit nihil consectetur error sed explicabo exercitationem incidunt similique. Quisquam quia iure vitae non accusantium porro exercitationem ad.', 'voluptatibus', 74, NULL, '1997-08-28 17:43:49', '1994-12-31 17:33:05');
INSERT INTO `media` (`id`, `media_type_id`, `user_id`, `body`, `filename`, `size`, `metadata`, `created_at`, `updated_at`) VALUES ('67', '67', '67', 'Voluptates ducimus sit possimus omnis inventore. Laborum et quo incidunt rerum soluta eaque et. Sunt ea cumque dignissimos velit facere accusantium.', 'dolor', 86, NULL, '2014-10-25 22:23:23', '1991-05-27 13:10:11');
INSERT INTO `media` (`id`, `media_type_id`, `user_id`, `body`, `filename`, `size`, `metadata`, `created_at`, `updated_at`) VALUES ('68', '68', '68', 'Eos odio quas nostrum ab incidunt dolores. Aut ducimus et architecto ut. Qui totam accusamus et qui velit cumque vero. Numquam enim et asperiores qui ut itaque aut.', 'deserunt', 782, NULL, '2007-12-19 15:00:56', '1990-02-24 04:48:43');
INSERT INTO `media` (`id`, `media_type_id`, `user_id`, `body`, `filename`, `size`, `metadata`, `created_at`, `updated_at`) VALUES ('69', '69', '69', 'Nulla qui quasi quaerat labore. Omnis vel cumque iste similique ut explicabo labore. Ut qui ut commodi deleniti rerum fuga quasi qui.', 'consequuntur', 63632850, NULL, '2017-06-14 05:58:52', '1982-12-30 09:48:57');
INSERT INTO `media` (`id`, `media_type_id`, `user_id`, `body`, `filename`, `size`, `metadata`, `created_at`, `updated_at`) VALUES ('70', '70', '70', 'Esse non laboriosam repudiandae qui fugiat. Minus est voluptas nihil perferendis rerum consequuntur. Ratione beatae ad est et voluptas autem. Aut voluptatibus labore iste tempora qui iste.', 'aliquam', 9, NULL, '1983-10-04 17:22:57', '1999-05-05 05:45:12');
INSERT INTO `media` (`id`, `media_type_id`, `user_id`, `body`, `filename`, `size`, `metadata`, `created_at`, `updated_at`) VALUES ('71', '71', '71', 'Explicabo sequi quia hic et expedita. Est eligendi recusandae ea distinctio reprehenderit. Ut libero est sit quis sunt quo est. Voluptatem natus assumenda qui voluptatem.', 'sint', 96549, NULL, '1994-11-17 13:05:50', '1977-04-21 21:13:02');
INSERT INTO `media` (`id`, `media_type_id`, `user_id`, `body`, `filename`, `size`, `metadata`, `created_at`, `updated_at`) VALUES ('72', '72', '72', 'Commodi corporis aperiam quia commodi quam sint. Est et consequatur illo hic incidunt. Laudantium est repellat vel omnis dolorum accusamus. Totam ipsam cum sunt sint et deserunt.', 'quis', 46, NULL, '2003-01-17 01:55:23', '2003-10-24 04:30:23');
INSERT INTO `media` (`id`, `media_type_id`, `user_id`, `body`, `filename`, `size`, `metadata`, `created_at`, `updated_at`) VALUES ('73', '73', '73', 'Eaque quas fugiat modi sed sit hic. Consequatur odit natus sunt natus explicabo ut. Iste quas recusandae iure blanditiis doloremque.', 'et', 32466, NULL, '1979-02-11 14:15:55', '1986-07-02 10:02:02');
INSERT INTO `media` (`id`, `media_type_id`, `user_id`, `body`, `filename`, `size`, `metadata`, `created_at`, `updated_at`) VALUES ('74', '74', '74', 'Magnam aut sed quia dolor animi ut accusantium. Eveniet eius incidunt ut rem optio. Nihil exercitationem autem magni iure culpa veritatis non. Optio maxime dignissimos repellat doloribus quia ea qui.', 'tenetur', 3659422, NULL, '1983-10-16 19:22:58', '2011-12-08 00:20:39');
INSERT INTO `media` (`id`, `media_type_id`, `user_id`, `body`, `filename`, `size`, `metadata`, `created_at`, `updated_at`) VALUES ('75', '75', '75', 'Modi tempora quia tenetur ratione voluptatem provident ad id. Vero inventore et sunt perspiciatis eveniet a. Ut ut nesciunt enim quo aut itaque ea odio.', 'ut', 633748564, NULL, '2010-11-26 12:55:22', '1990-09-02 08:43:11');
INSERT INTO `media` (`id`, `media_type_id`, `user_id`, `body`, `filename`, `size`, `metadata`, `created_at`, `updated_at`) VALUES ('76', '76', '76', 'Consequuntur incidunt dolor nemo assumenda eligendi adipisci dignissimos. Mollitia magnam voluptate repudiandae itaque qui. Qui delectus et autem eum.', 'aliquid', 54919852, NULL, '2017-06-06 17:28:39', '1985-01-22 06:45:44');
INSERT INTO `media` (`id`, `media_type_id`, `user_id`, `body`, `filename`, `size`, `metadata`, `created_at`, `updated_at`) VALUES ('77', '77', '77', 'Sint soluta quam est non tempore non velit. Tenetur sit maxime et impedit dolores qui.', 'laudantium', 93, NULL, '1998-12-27 00:05:23', '1976-07-17 09:04:37');
INSERT INTO `media` (`id`, `media_type_id`, `user_id`, `body`, `filename`, `size`, `metadata`, `created_at`, `updated_at`) VALUES ('78', '78', '78', 'Fugiat quis enim aut laudantium non cumque dolor nihil. Porro sit est numquam. Minus beatae magnam rerum.', 'eius', 28092, NULL, '1976-04-11 21:29:32', '1979-12-17 20:10:27');
INSERT INTO `media` (`id`, `media_type_id`, `user_id`, `body`, `filename`, `size`, `metadata`, `created_at`, `updated_at`) VALUES ('79', '79', '79', 'Nemo architecto in voluptatem sequi a ullam. Dolores minima unde et quidem ut. Esse nostrum sunt consequatur illum soluta eius nihil. Maxime et voluptas dolores nihil.', 'dicta', 444986, NULL, '1978-08-02 13:33:50', '1990-01-12 23:30:29');
INSERT INTO `media` (`id`, `media_type_id`, `user_id`, `body`, `filename`, `size`, `metadata`, `created_at`, `updated_at`) VALUES ('80', '80', '80', 'Rerum eum repudiandae illo vel dolore qui inventore. Voluptatem hic laborum ut. Qui nostrum non voluptatibus corporis.', 'a', 30047957, NULL, '2014-04-07 07:56:11', '2008-07-24 06:16:58');
INSERT INTO `media` (`id`, `media_type_id`, `user_id`, `body`, `filename`, `size`, `metadata`, `created_at`, `updated_at`) VALUES ('81', '81', '81', 'Enim aut optio ipsa mollitia. Eaque quidem quod totam nobis. Asperiores doloremque officiis ut voluptas dolor labore recusandae.', 'omnis', 94, NULL, '2009-09-20 11:44:10', '1971-10-13 20:42:46');
INSERT INTO `media` (`id`, `media_type_id`, `user_id`, `body`, `filename`, `size`, `metadata`, `created_at`, `updated_at`) VALUES ('82', '82', '82', 'Aut possimus possimus et debitis vero labore dolorum. Cumque repellat et repellat nam saepe dolorum. Commodi quas ad molestiae necessitatibus. Quam similique molestias dolorum quia et dolorem sint.', 'temporibus', 66513890, NULL, '2011-03-11 00:29:37', '1973-06-04 15:07:00');
INSERT INTO `media` (`id`, `media_type_id`, `user_id`, `body`, `filename`, `size`, `metadata`, `created_at`, `updated_at`) VALUES ('83', '83', '83', 'Tempora magnam vel ab soluta et aut. Nulla doloremque quis ut alias. Et distinctio laudantium eaque perferendis voluptatem. Corrupti consequatur ducimus quae consequuntur.', 'tempore', 76, NULL, '2004-08-29 04:32:30', '2018-11-07 14:27:40');
INSERT INTO `media` (`id`, `media_type_id`, `user_id`, `body`, `filename`, `size`, `metadata`, `created_at`, `updated_at`) VALUES ('84', '84', '84', 'Libero pariatur consectetur omnis quasi omnis. Fugiat architecto aut et enim omnis et est. Ab quasi repellendus necessitatibus eos porro dolorum inventore. Sed voluptas consequatur maiores a. Voluptates ea dignissimos placeat ea sapiente.', 'ad', 94, NULL, '1977-05-18 04:38:38', '2010-01-14 09:16:01');
INSERT INTO `media` (`id`, `media_type_id`, `user_id`, `body`, `filename`, `size`, `metadata`, `created_at`, `updated_at`) VALUES ('85', '85', '85', 'Adipisci nemo deleniti blanditiis rerum est beatae cupiditate quod. Aliquid veritatis est veniam ipsum at et fuga. Itaque dolorem odio ullam qui. Labore sint animi aut consequuntur qui voluptatum quibusdam.', 'non', 58638, NULL, '1981-01-02 14:15:25', '2000-10-10 06:13:57');
INSERT INTO `media` (`id`, `media_type_id`, `user_id`, `body`, `filename`, `size`, `metadata`, `created_at`, `updated_at`) VALUES ('86', '86', '86', 'Laborum asperiores animi voluptatem rerum. Iusto sed impedit nobis odit nobis ratione occaecati porro. Ut voluptas harum ut quo ea. Aut corrupti neque ut eum accusantium aut.', 'velit', 9, NULL, '2001-01-15 09:22:09', '1993-09-10 22:39:18');
INSERT INTO `media` (`id`, `media_type_id`, `user_id`, `body`, `filename`, `size`, `metadata`, `created_at`, `updated_at`) VALUES ('87', '87', '87', 'Sint iusto excepturi aut. Hic vel velit sed amet. Accusantium est officia saepe nisi fuga. Possimus dignissimos iure nostrum.', 'sit', 789749, NULL, '2001-03-22 16:14:45', '2013-01-27 01:30:25');
INSERT INTO `media` (`id`, `media_type_id`, `user_id`, `body`, `filename`, `size`, `metadata`, `created_at`, `updated_at`) VALUES ('88', '88', '88', 'Consequatur ut doloribus voluptate veniam dicta accusantium in labore. Expedita hic error at soluta. Omnis veniam occaecati aperiam natus ipsum qui rerum.', 'vel', 719477, NULL, '2004-10-24 18:31:58', '1988-03-14 09:08:34');
INSERT INTO `media` (`id`, `media_type_id`, `user_id`, `body`, `filename`, `size`, `metadata`, `created_at`, `updated_at`) VALUES ('89', '89', '89', 'In vel suscipit necessitatibus ut voluptas ducimus incidunt ipsum. Doloremque qui libero illo consectetur maiores.', 'quasi', 887354, NULL, '2002-12-15 06:00:11', '1995-03-07 17:16:14');
INSERT INTO `media` (`id`, `media_type_id`, `user_id`, `body`, `filename`, `size`, `metadata`, `created_at`, `updated_at`) VALUES ('90', '90', '90', 'Non reiciendis nihil debitis aperiam voluptas. Fuga laborum incidunt fugiat numquam. Illo dolores voluptate sit dolor fugiat quisquam perferendis. Voluptas aliquam harum veritatis rerum.', 'possimus', 57710, NULL, '1972-11-20 01:47:42', '2013-11-25 07:18:08');
INSERT INTO `media` (`id`, `media_type_id`, `user_id`, `body`, `filename`, `size`, `metadata`, `created_at`, `updated_at`) VALUES ('91', '91', '91', 'Laboriosam vero sint nam cumque et. Et pariatur alias doloremque ipsum eveniet ullam. Quis magni excepturi veritatis ea. Explicabo ducimus alias mollitia commodi vitae debitis. Non nobis id optio repudiandae aut corporis recusandae.', 'animi', 79870, NULL, '1998-01-02 00:46:59', '1994-06-22 19:06:53');
INSERT INTO `media` (`id`, `media_type_id`, `user_id`, `body`, `filename`, `size`, `metadata`, `created_at`, `updated_at`) VALUES ('92', '92', '92', 'Velit earum ullam optio quia molestiae et suscipit. Omnis commodi adipisci deleniti voluptas enim itaque ipsa qui. Non quae est enim dolor ea.', 'vel', 6, NULL, '1986-06-21 12:31:47', '1979-03-30 01:17:47');
INSERT INTO `media` (`id`, `media_type_id`, `user_id`, `body`, `filename`, `size`, `metadata`, `created_at`, `updated_at`) VALUES ('93', '93', '93', 'Voluptatibus ex velit cum dicta. Laborum voluptatem iusto perferendis cupiditate fuga quis est. Officia rerum velit deserunt aut tempora esse aut consequuntur. Molestias beatae molestiae repellat beatae fugiat aliquid molestiae.', 'quis', 18, NULL, '1992-01-13 21:52:02', '1977-09-03 17:59:16');
INSERT INTO `media` (`id`, `media_type_id`, `user_id`, `body`, `filename`, `size`, `metadata`, `created_at`, `updated_at`) VALUES ('94', '94', '94', 'Vel eveniet sunt ullam est culpa earum. Accusamus aliquid velit error dolor similique incidunt. Perspiciatis pariatur magnam consectetur voluptas. At voluptatem voluptas nobis aliquam.', 'assumenda', 0, NULL, '1995-01-08 22:09:05', '1976-11-27 05:34:44');
INSERT INTO `media` (`id`, `media_type_id`, `user_id`, `body`, `filename`, `size`, `metadata`, `created_at`, `updated_at`) VALUES ('95', '95', '95', 'Repellat ut corporis sint nesciunt explicabo provident dolorum nisi. Sint ut vitae et temporibus. Molestiae impedit vel non quod odit nemo. Sed fugit quo eligendi odio possimus reprehenderit.', 'et', 2, NULL, '2011-03-14 22:57:14', '1985-04-10 16:05:42');
INSERT INTO `media` (`id`, `media_type_id`, `user_id`, `body`, `filename`, `size`, `metadata`, `created_at`, `updated_at`) VALUES ('96', '96', '96', 'Eos et natus nihil dolorem. Provident commodi ut sit. Nihil molestiae architecto eveniet sapiente maxime a.', 'consequatur', 2, NULL, '1998-10-22 07:44:29', '1991-10-13 02:45:52');
INSERT INTO `media` (`id`, `media_type_id`, `user_id`, `body`, `filename`, `size`, `metadata`, `created_at`, `updated_at`) VALUES ('97', '97', '97', 'Maxime ea aut non eius. Quis amet cupiditate enim.', 'placeat', 0, NULL, '1992-04-06 19:36:06', '2016-06-24 15:12:20');
INSERT INTO `media` (`id`, `media_type_id`, `user_id`, `body`, `filename`, `size`, `metadata`, `created_at`, `updated_at`) VALUES ('98', '98', '98', 'Sit ut est officiis voluptatibus vel nostrum. Ipsum non aperiam blanditiis dolor. Aut sint velit rerum adipisci reiciendis cumque eum commodi.', 'eum', 41, NULL, '1973-07-10 02:21:45', '2019-10-23 04:16:18');
INSERT INTO `media` (`id`, `media_type_id`, `user_id`, `body`, `filename`, `size`, `metadata`, `created_at`, `updated_at`) VALUES ('99', '99', '99', 'Doloremque possimus similique quae placeat culpa numquam. Corrupti vel ducimus nostrum quia vel. Earum enim qui qui possimus.', 'voluptatem', 7, NULL, '2000-10-09 14:07:28', '2019-10-05 06:55:23');
INSERT INTO `media` (`id`, `media_type_id`, `user_id`, `body`, `filename`, `size`, `metadata`, `created_at`, `updated_at`) VALUES ('100', '100', '100', 'Aut dignissimos earum accusamus tenetur. In totam eum tenetur facilis cupiditate dolore. Dignissimos dolor rerum dolores nesciunt quas id delectus.', 'nostrum', 2142354, NULL, '2005-10-25 00:02:07', '1981-08-15 23:39:34');


#
# TABLE STRUCTURE FOR: media_types
#

DROP TABLE IF EXISTS `media_types`;

CREATE TABLE `media_types` (
  `id` bigint(20) unsigned NOT NULL AUTO_INCREMENT,
  `name` varchar(255) COLLATE utf8_unicode_ci DEFAULT NULL,
  `created_at` datetime DEFAULT current_timestamp(),
  `updated_at` datetime DEFAULT current_timestamp() ON UPDATE current_timestamp(),
  PRIMARY KEY (`id`)
) ENGINE=InnoDB AUTO_INCREMENT=101 DEFAULT CHARSET=utf8 COLLATE=utf8_unicode_ci;

INSERT INTO `media_types` (`id`, `name`, `created_at`, `updated_at`) VALUES ('1', 'perspiciatis', '2016-04-07 14:31:18', '1988-08-06 14:56:50');
INSERT INTO `media_types` (`id`, `name`, `created_at`, `updated_at`) VALUES ('2', 'soluta', '2010-08-19 01:50:28', '1975-10-14 00:43:58');
INSERT INTO `media_types` (`id`, `name`, `created_at`, `updated_at`) VALUES ('3', 'quia', '2009-09-16 13:30:06', '1982-12-05 15:06:12');
INSERT INTO `media_types` (`id`, `name`, `created_at`, `updated_at`) VALUES ('4', 'debitis', '1979-07-17 16:10:14', '2016-12-20 17:48:54');
INSERT INTO `media_types` (`id`, `name`, `created_at`, `updated_at`) VALUES ('5', 'quae', '1977-03-12 07:58:32', '1971-04-29 09:04:29');
INSERT INTO `media_types` (`id`, `name`, `created_at`, `updated_at`) VALUES ('6', 'minus', '2006-11-28 00:00:32', '1994-10-13 08:07:01');
INSERT INTO `media_types` (`id`, `name`, `created_at`, `updated_at`) VALUES ('7', 'sunt', '1995-08-21 13:48:58', '2010-03-07 10:18:57');
INSERT INTO `media_types` (`id`, `name`, `created_at`, `updated_at`) VALUES ('8', 'beatae', '1971-09-09 04:34:24', '1983-03-22 21:03:00');
INSERT INTO `media_types` (`id`, `name`, `created_at`, `updated_at`) VALUES ('9', 'maiores', '1988-11-30 13:58:23', '2008-11-17 12:50:02');
INSERT INTO `media_types` (`id`, `name`, `created_at`, `updated_at`) VALUES ('10', 'similique', '1978-05-17 22:06:04', '1997-05-16 06:18:13');
INSERT INTO `media_types` (`id`, `name`, `created_at`, `updated_at`) VALUES ('11', 'quam', '1988-01-05 12:39:42', '2018-01-12 10:00:09');
INSERT INTO `media_types` (`id`, `name`, `created_at`, `updated_at`) VALUES ('12', 'quo', '1994-12-27 23:35:12', '2000-09-14 07:18:22');
INSERT INTO `media_types` (`id`, `name`, `created_at`, `updated_at`) VALUES ('13', 'repellat', '1999-02-12 21:25:08', '2002-07-09 12:55:11');
INSERT INTO `media_types` (`id`, `name`, `created_at`, `updated_at`) VALUES ('14', 'voluptas', '1995-04-27 16:49:07', '1974-07-29 02:08:45');
INSERT INTO `media_types` (`id`, `name`, `created_at`, `updated_at`) VALUES ('15', 'a', '1982-09-19 15:54:13', '2019-09-14 20:44:03');
INSERT INTO `media_types` (`id`, `name`, `created_at`, `updated_at`) VALUES ('16', 'ratione', '2010-05-19 01:44:00', '1979-07-22 13:06:37');
INSERT INTO `media_types` (`id`, `name`, `created_at`, `updated_at`) VALUES ('17', 'veniam', '2018-12-28 00:51:46', '1973-11-09 04:54:35');
INSERT INTO `media_types` (`id`, `name`, `created_at`, `updated_at`) VALUES ('18', 'excepturi', '1973-10-12 02:24:17', '1997-09-27 10:34:20');
INSERT INTO `media_types` (`id`, `name`, `created_at`, `updated_at`) VALUES ('19', 'quia', '1983-04-10 22:13:02', '1986-08-23 20:46:33');
INSERT INTO `media_types` (`id`, `name`, `created_at`, `updated_at`) VALUES ('20', 'pariatur', '1980-02-13 09:42:48', '2019-07-14 21:11:35');
INSERT INTO `media_types` (`id`, `name`, `created_at`, `updated_at`) VALUES ('21', 'enim', '1978-02-17 12:54:35', '1982-12-30 12:40:05');
INSERT INTO `media_types` (`id`, `name`, `created_at`, `updated_at`) VALUES ('22', 'iure', '2012-02-20 03:50:09', '1970-08-28 16:47:00');
INSERT INTO `media_types` (`id`, `name`, `created_at`, `updated_at`) VALUES ('23', 'fugit', '1981-09-14 19:24:00', '2010-06-29 03:52:11');
INSERT INTO `media_types` (`id`, `name`, `created_at`, `updated_at`) VALUES ('24', 'veniam', '1981-02-27 16:33:45', '1985-09-02 15:15:37');
INSERT INTO `media_types` (`id`, `name`, `created_at`, `updated_at`) VALUES ('25', 'non', '1989-03-28 13:36:43', '2016-10-03 12:03:45');
INSERT INTO `media_types` (`id`, `name`, `created_at`, `updated_at`) VALUES ('26', 'enim', '1977-01-15 07:54:50', '1983-03-08 22:38:47');
INSERT INTO `media_types` (`id`, `name`, `created_at`, `updated_at`) VALUES ('27', 'omnis', '1972-01-10 09:10:30', '1986-05-02 21:52:15');
INSERT INTO `media_types` (`id`, `name`, `created_at`, `updated_at`) VALUES ('28', 'repellat', '1972-10-23 09:49:41', '1985-02-06 09:14:04');
INSERT INTO `media_types` (`id`, `name`, `created_at`, `updated_at`) VALUES ('29', 'et', '2008-08-05 20:15:50', '1971-05-06 22:12:24');
INSERT INTO `media_types` (`id`, `name`, `created_at`, `updated_at`) VALUES ('30', 'eum', '1974-05-19 00:06:28', '1993-10-18 14:04:21');
INSERT INTO `media_types` (`id`, `name`, `created_at`, `updated_at`) VALUES ('31', 'repudiandae', '2017-09-12 15:41:00', '1992-05-28 20:52:41');
INSERT INTO `media_types` (`id`, `name`, `created_at`, `updated_at`) VALUES ('32', 'qui', '1974-11-06 03:12:26', '1975-11-27 02:59:37');
INSERT INTO `media_types` (`id`, `name`, `created_at`, `updated_at`) VALUES ('33', 'perferendis', '1986-04-26 04:43:02', '2004-09-04 06:40:13');
INSERT INTO `media_types` (`id`, `name`, `created_at`, `updated_at`) VALUES ('34', 'commodi', '1984-12-04 00:28:53', '1989-09-18 20:25:14');
INSERT INTO `media_types` (`id`, `name`, `created_at`, `updated_at`) VALUES ('35', 'sit', '1994-09-03 11:26:55', '2009-06-16 18:51:27');
INSERT INTO `media_types` (`id`, `name`, `created_at`, `updated_at`) VALUES ('36', 'consequuntur', '2006-06-27 12:13:34', '1977-02-19 03:57:22');
INSERT INTO `media_types` (`id`, `name`, `created_at`, `updated_at`) VALUES ('37', 'voluptatum', '2013-11-29 13:44:52', '1973-09-30 11:25:48');
INSERT INTO `media_types` (`id`, `name`, `created_at`, `updated_at`) VALUES ('38', 'atque', '2012-12-04 05:26:57', '1984-01-31 23:18:21');
INSERT INTO `media_types` (`id`, `name`, `created_at`, `updated_at`) VALUES ('39', 'iusto', '1989-05-04 11:26:43', '1972-09-16 13:03:15');
INSERT INTO `media_types` (`id`, `name`, `created_at`, `updated_at`) VALUES ('40', 'aut', '1986-05-03 02:41:21', '2008-09-13 20:19:11');
INSERT INTO `media_types` (`id`, `name`, `created_at`, `updated_at`) VALUES ('41', 'rerum', '1980-12-24 11:24:52', '2017-07-07 12:02:38');
INSERT INTO `media_types` (`id`, `name`, `created_at`, `updated_at`) VALUES ('42', 'qui', '2005-08-22 21:13:38', '1977-01-24 17:34:30');
INSERT INTO `media_types` (`id`, `name`, `created_at`, `updated_at`) VALUES ('43', 'nihil', '2013-02-20 03:39:24', '1999-01-14 14:10:03');
INSERT INTO `media_types` (`id`, `name`, `created_at`, `updated_at`) VALUES ('44', 'et', '2006-10-16 00:13:25', '2009-02-11 22:11:40');
INSERT INTO `media_types` (`id`, `name`, `created_at`, `updated_at`) VALUES ('45', 'voluptatem', '2000-09-01 22:07:40', '1985-08-10 07:52:25');
INSERT INTO `media_types` (`id`, `name`, `created_at`, `updated_at`) VALUES ('46', 'repudiandae', '1995-06-17 07:26:07', '2011-07-21 20:32:28');
INSERT INTO `media_types` (`id`, `name`, `created_at`, `updated_at`) VALUES ('47', 'qui', '1975-03-26 14:21:24', '2013-07-13 00:29:25');
INSERT INTO `media_types` (`id`, `name`, `created_at`, `updated_at`) VALUES ('48', 'veniam', '1977-02-15 08:06:23', '1998-11-15 22:13:17');
INSERT INTO `media_types` (`id`, `name`, `created_at`, `updated_at`) VALUES ('49', 'omnis', '2014-03-04 05:25:21', '1999-02-24 04:55:32');
INSERT INTO `media_types` (`id`, `name`, `created_at`, `updated_at`) VALUES ('50', 'porro', '2000-11-07 19:57:22', '2008-04-09 20:27:33');
INSERT INTO `media_types` (`id`, `name`, `created_at`, `updated_at`) VALUES ('51', 'velit', '1995-03-01 23:03:58', '1986-05-11 06:05:36');
INSERT INTO `media_types` (`id`, `name`, `created_at`, `updated_at`) VALUES ('52', 'dolorem', '2017-11-24 08:37:31', '2017-02-23 10:23:15');
INSERT INTO `media_types` (`id`, `name`, `created_at`, `updated_at`) VALUES ('53', 'beatae', '2009-01-10 02:03:15', '1992-09-06 08:12:14');
INSERT INTO `media_types` (`id`, `name`, `created_at`, `updated_at`) VALUES ('54', 'voluptatem', '1996-05-30 18:47:47', '1996-11-22 08:39:54');
INSERT INTO `media_types` (`id`, `name`, `created_at`, `updated_at`) VALUES ('55', 'nihil', '1985-05-04 05:45:09', '1991-11-07 07:46:25');
INSERT INTO `media_types` (`id`, `name`, `created_at`, `updated_at`) VALUES ('56', 'dicta', '1979-07-14 14:17:38', '1985-07-05 11:45:09');
INSERT INTO `media_types` (`id`, `name`, `created_at`, `updated_at`) VALUES ('57', 'officiis', '2002-09-09 07:00:07', '1993-01-19 14:54:01');
INSERT INTO `media_types` (`id`, `name`, `created_at`, `updated_at`) VALUES ('58', 'odit', '1995-08-23 01:13:14', '1975-10-10 13:08:32');
INSERT INTO `media_types` (`id`, `name`, `created_at`, `updated_at`) VALUES ('59', 'ipsa', '1981-12-13 03:49:04', '1988-01-10 12:52:03');
INSERT INTO `media_types` (`id`, `name`, `created_at`, `updated_at`) VALUES ('60', 'inventore', '2019-05-04 14:37:34', '2000-01-11 03:43:07');
INSERT INTO `media_types` (`id`, `name`, `created_at`, `updated_at`) VALUES ('61', 'optio', '2016-05-08 22:22:39', '1979-11-04 00:15:54');
INSERT INTO `media_types` (`id`, `name`, `created_at`, `updated_at`) VALUES ('62', 'voluptatem', '2014-02-11 18:55:26', '1979-03-31 11:09:39');
INSERT INTO `media_types` (`id`, `name`, `created_at`, `updated_at`) VALUES ('63', 'fugiat', '2012-01-07 00:33:55', '1976-09-27 22:15:28');
INSERT INTO `media_types` (`id`, `name`, `created_at`, `updated_at`) VALUES ('64', 'est', '2001-09-23 18:07:52', '2009-09-26 06:43:05');
INSERT INTO `media_types` (`id`, `name`, `created_at`, `updated_at`) VALUES ('65', 'sapiente', '2009-09-12 13:59:59', '1979-06-07 20:29:23');
INSERT INTO `media_types` (`id`, `name`, `created_at`, `updated_at`) VALUES ('66', 'sit', '2019-05-08 11:21:57', '2002-05-27 07:37:39');
INSERT INTO `media_types` (`id`, `name`, `created_at`, `updated_at`) VALUES ('67', 'non', '2013-02-25 02:33:26', '2012-11-21 21:42:35');
INSERT INTO `media_types` (`id`, `name`, `created_at`, `updated_at`) VALUES ('68', 'maxime', '2004-02-09 15:44:15', '1987-09-16 05:41:16');
INSERT INTO `media_types` (`id`, `name`, `created_at`, `updated_at`) VALUES ('69', 'debitis', '2000-08-19 09:23:55', '1971-02-08 08:02:34');
INSERT INTO `media_types` (`id`, `name`, `created_at`, `updated_at`) VALUES ('70', 'et', '1988-03-09 21:06:23', '2017-12-19 21:56:52');
INSERT INTO `media_types` (`id`, `name`, `created_at`, `updated_at`) VALUES ('71', 'sint', '1987-05-18 05:38:43', '1980-07-11 10:40:40');
INSERT INTO `media_types` (`id`, `name`, `created_at`, `updated_at`) VALUES ('72', 'sapiente', '1995-01-15 20:14:44', '1987-08-24 00:12:45');
INSERT INTO `media_types` (`id`, `name`, `created_at`, `updated_at`) VALUES ('73', 'doloremque', '1971-04-20 02:30:29', '2002-11-30 09:01:19');
INSERT INTO `media_types` (`id`, `name`, `created_at`, `updated_at`) VALUES ('74', 'quia', '1994-11-13 06:42:09', '1994-03-24 01:11:38');
INSERT INTO `media_types` (`id`, `name`, `created_at`, `updated_at`) VALUES ('75', 'nihil', '2016-07-02 06:08:57', '2009-03-06 20:06:22');
INSERT INTO `media_types` (`id`, `name`, `created_at`, `updated_at`) VALUES ('76', 'ea', '2003-10-13 06:32:26', '2007-08-13 06:24:09');
INSERT INTO `media_types` (`id`, `name`, `created_at`, `updated_at`) VALUES ('77', 'suscipit', '1985-08-16 04:01:43', '2007-05-21 19:34:17');
INSERT INTO `media_types` (`id`, `name`, `created_at`, `updated_at`) VALUES ('78', 'velit', '1998-11-14 12:02:20', '1988-01-16 22:36:31');
INSERT INTO `media_types` (`id`, `name`, `created_at`, `updated_at`) VALUES ('79', 'soluta', '1993-08-09 05:23:16', '1980-05-09 17:49:31');
INSERT INTO `media_types` (`id`, `name`, `created_at`, `updated_at`) VALUES ('80', 'dicta', '1985-10-12 14:09:03', '1993-11-14 01:03:31');
INSERT INTO `media_types` (`id`, `name`, `created_at`, `updated_at`) VALUES ('81', 'eos', '1996-10-26 00:24:56', '1997-12-14 17:15:33');
INSERT INTO `media_types` (`id`, `name`, `created_at`, `updated_at`) VALUES ('82', 'perferendis', '1981-12-13 12:53:56', '1982-02-08 00:28:01');
INSERT INTO `media_types` (`id`, `name`, `created_at`, `updated_at`) VALUES ('83', 'in', '1987-02-14 16:16:42', '1991-10-02 07:38:05');
INSERT INTO `media_types` (`id`, `name`, `created_at`, `updated_at`) VALUES ('84', 'id', '1982-01-21 00:04:41', '1996-07-20 04:15:02');
INSERT INTO `media_types` (`id`, `name`, `created_at`, `updated_at`) VALUES ('85', 'possimus', '1979-04-29 11:24:08', '1993-06-17 01:38:13');
INSERT INTO `media_types` (`id`, `name`, `created_at`, `updated_at`) VALUES ('86', 'sint', '1988-03-24 11:13:09', '2011-07-17 00:48:45');
INSERT INTO `media_types` (`id`, `name`, `created_at`, `updated_at`) VALUES ('87', 'dignissimos', '1980-10-22 02:42:14', '1983-09-28 18:09:51');
INSERT INTO `media_types` (`id`, `name`, `created_at`, `updated_at`) VALUES ('88', 'consequatur', '2005-11-05 20:08:12', '1978-01-13 20:03:03');
INSERT INTO `media_types` (`id`, `name`, `created_at`, `updated_at`) VALUES ('89', 'labore', '1992-03-27 06:36:15', '1980-05-12 15:03:04');
INSERT INTO `media_types` (`id`, `name`, `created_at`, `updated_at`) VALUES ('90', 'vitae', '1982-03-02 09:18:16', '1980-03-15 07:58:53');
INSERT INTO `media_types` (`id`, `name`, `created_at`, `updated_at`) VALUES ('91', 'quis', '2009-08-09 02:09:41', '2001-01-10 03:09:43');
INSERT INTO `media_types` (`id`, `name`, `created_at`, `updated_at`) VALUES ('92', 'molestiae', '1979-01-08 21:21:17', '2001-10-30 05:18:22');
INSERT INTO `media_types` (`id`, `name`, `created_at`, `updated_at`) VALUES ('93', 'et', '1998-06-25 12:31:01', '2008-09-02 07:59:34');
INSERT INTO `media_types` (`id`, `name`, `created_at`, `updated_at`) VALUES ('94', 'dolorem', '1977-06-03 18:12:08', '1972-12-12 16:23:53');
INSERT INTO `media_types` (`id`, `name`, `created_at`, `updated_at`) VALUES ('95', 'sunt', '1980-11-30 05:15:31', '2016-11-15 02:12:38');
INSERT INTO `media_types` (`id`, `name`, `created_at`, `updated_at`) VALUES ('96', 'excepturi', '2017-06-06 06:36:57', '1988-06-07 07:41:12');
INSERT INTO `media_types` (`id`, `name`, `created_at`, `updated_at`) VALUES ('97', 'illum', '1982-11-22 01:11:51', '1983-11-20 02:09:23');
INSERT INTO `media_types` (`id`, `name`, `created_at`, `updated_at`) VALUES ('98', 'autem', '2011-01-10 20:26:30', '1984-10-25 21:08:31');
INSERT INTO `media_types` (`id`, `name`, `created_at`, `updated_at`) VALUES ('99', 'sed', '1991-12-06 04:36:31', '2019-06-29 10:21:42');
INSERT INTO `media_types` (`id`, `name`, `created_at`, `updated_at`) VALUES ('100', 'odio', '1976-04-16 04:46:04', '1978-08-20 21:43:36');


#
# TABLE STRUCTURE FOR: messages
#

DROP TABLE IF EXISTS `messages`;

CREATE TABLE `messages` (
  `id` bigint(20) unsigned NOT NULL AUTO_INCREMENT,
  `from_user_id` bigint(20) unsigned NOT NULL,
  `to_user_id` bigint(20) unsigned NOT NULL,
  `body` text COLLATE utf8_unicode_ci DEFAULT NULL,
  `created_at` datetime DEFAULT current_timestamp(),
  PRIMARY KEY (`id`),
  KEY `messages_from_user_id` (`from_user_id`),
  KEY `messages_to_user_id` (`to_user_id`),
  CONSTRAINT `messages_ibfk_1` FOREIGN KEY (`from_user_id`) REFERENCES `users` (`id`),
  CONSTRAINT `messages_ibfk_2` FOREIGN KEY (`to_user_id`) REFERENCES `users` (`id`)
) ENGINE=InnoDB AUTO_INCREMENT=101 DEFAULT CHARSET=utf8 COLLATE=utf8_unicode_ci;

INSERT INTO `messages` (`id`, `from_user_id`, `to_user_id`, `body`, `created_at`) VALUES ('1', '1', '1', 'Voluptate pariatur nostrum alias consequatur. Nostrum mollitia et et optio. Eligendi quam et perferendis quo omnis molestiae. Voluptatem recusandae ut quis quis ipsam quis.', '1992-02-29 05:50:46');
INSERT INTO `messages` (`id`, `from_user_id`, `to_user_id`, `body`, `created_at`) VALUES ('2', '2', '2', 'Provident et dolorem odio. Id sequi nisi explicabo deserunt at. Modi nihil et nemo inventore ea qui officia. Architecto sunt deleniti at voluptate.', '1975-04-17 07:24:29');
INSERT INTO `messages` (`id`, `from_user_id`, `to_user_id`, `body`, `created_at`) VALUES ('3', '3', '3', 'Qui sit dolorum et. Voluptatem voluptatem officiis ut illum vero aut. Iure blanditiis aut non. Earum qui est nihil vitae et iusto eos possimus. Voluptas minus sit aut fugiat.', '2018-10-24 19:27:48');
INSERT INTO `messages` (`id`, `from_user_id`, `to_user_id`, `body`, `created_at`) VALUES ('4', '4', '4', 'Porro quas aspernatur nihil sit et. Nam modi et qui sit odit. Consectetur sunt aut dolorem tempora incidunt iste vel rem.', '2017-04-24 02:48:15');
INSERT INTO `messages` (`id`, `from_user_id`, `to_user_id`, `body`, `created_at`) VALUES ('5', '5', '5', 'Quas optio nihil explicabo a delectus consectetur vero. Sit autem minus quaerat et ratione numquam aperiam delectus. Pariatur perspiciatis harum sit omnis molestias.', '2000-12-10 05:27:02');
INSERT INTO `messages` (`id`, `from_user_id`, `to_user_id`, `body`, `created_at`) VALUES ('6', '6', '6', 'Aut sed rerum qui nisi. Consequuntur consectetur dolorem non cum. Excepturi sed dignissimos a quo.', '1972-04-01 09:37:55');
INSERT INTO `messages` (`id`, `from_user_id`, `to_user_id`, `body`, `created_at`) VALUES ('7', '7', '7', 'Aut eveniet deleniti earum perspiciatis. Earum exercitationem ab sint quidem quidem et. Pariatur voluptatem nihil quaerat id rem qui.', '2008-03-20 09:22:18');
INSERT INTO `messages` (`id`, `from_user_id`, `to_user_id`, `body`, `created_at`) VALUES ('8', '8', '8', 'Delectus iusto autem expedita sit. Enim doloribus recusandae nihil quo. Sed sit facere et voluptate sit hic quas.', '1985-12-30 03:01:35');
INSERT INTO `messages` (`id`, `from_user_id`, `to_user_id`, `body`, `created_at`) VALUES ('9', '9', '9', 'Ea sed odio dolores est similique. Voluptatum tenetur qui accusantium hic nulla expedita atque consectetur. Voluptatem fuga dignissimos sed libero non blanditiis. Expedita nesciunt eligendi neque exercitationem consequatur.', '2003-08-13 15:04:28');
INSERT INTO `messages` (`id`, `from_user_id`, `to_user_id`, `body`, `created_at`) VALUES ('10', '10', '10', 'Odio perferendis alias est aut porro. Amet nulla hic eos dolorem est alias. Est recusandae repellat deleniti quia eos. Similique corporis ullam aut voluptatem sunt accusamus consequatur in.', '2012-07-24 11:39:46');
INSERT INTO `messages` (`id`, `from_user_id`, `to_user_id`, `body`, `created_at`) VALUES ('11', '11', '11', 'Aut enim laboriosam nihil consequatur eius. Veniam maxime nisi est incidunt corrupti. Et accusantium qui placeat aut impedit ut.', '2006-03-19 09:26:43');
INSERT INTO `messages` (`id`, `from_user_id`, `to_user_id`, `body`, `created_at`) VALUES ('12', '12', '12', 'Ad totam enim quia dolorem in. Et itaque consectetur occaecati minima. Sed quis soluta temporibus et ipsam ab. Voluptatem fugit amet repellendus debitis ratione ex eos.', '1981-12-10 09:47:39');
INSERT INTO `messages` (`id`, `from_user_id`, `to_user_id`, `body`, `created_at`) VALUES ('13', '13', '13', 'Fugit debitis distinctio repudiandae aut quas ut. Dolor odit nulla odit odio quod sit quo. Ut ea ut enim ea nemo odit quos qui. Sed ut corporis alias adipisci.', '2013-01-31 00:00:14');
INSERT INTO `messages` (`id`, `from_user_id`, `to_user_id`, `body`, `created_at`) VALUES ('14', '14', '14', 'Laudantium quasi maxime cum totam. Ut qui delectus architecto rerum doloremque atque. Nam et suscipit quo ducimus eaque. Excepturi incidunt eos enim sunt.', '2012-12-15 08:30:13');
INSERT INTO `messages` (`id`, `from_user_id`, `to_user_id`, `body`, `created_at`) VALUES ('15', '15', '15', 'Natus rerum architecto architecto soluta aut non eos. Dignissimos aspernatur illo et quod vero voluptatibus. Tenetur laboriosam ipsum dolores enim inventore consectetur et nulla. At dignissimos sint eius consequatur id.', '2015-09-11 19:56:32');
INSERT INTO `messages` (`id`, `from_user_id`, `to_user_id`, `body`, `created_at`) VALUES ('16', '16', '16', 'Esse deserunt vel ullam repellat ipsa rem sed inventore. Recusandae incidunt eos molestiae dicta. Nemo quia sint doloribus exercitationem reiciendis recusandae. Eos in rerum occaecati voluptates sapiente.', '1971-12-28 07:45:40');
INSERT INTO `messages` (`id`, `from_user_id`, `to_user_id`, `body`, `created_at`) VALUES ('17', '17', '17', 'Ut culpa porro doloremque rerum nostrum excepturi. Et ducimus dolor quo maxime. Unde quisquam itaque beatae accusantium et voluptatem praesentium officia. Magnam sit officiis quia laudantium quisquam. Quisquam placeat aliquam ex aut nobis explicabo ab.', '1982-09-02 18:30:52');
INSERT INTO `messages` (`id`, `from_user_id`, `to_user_id`, `body`, `created_at`) VALUES ('18', '18', '18', 'Consequatur exercitationem odio aperiam voluptas occaecati. Fugit velit quia corrupti laborum. Est molestias ex aut provident.', '1997-07-18 05:42:21');
INSERT INTO `messages` (`id`, `from_user_id`, `to_user_id`, `body`, `created_at`) VALUES ('19', '19', '19', 'Quo suscipit nesciunt quam at. A aut doloribus ab corporis. Tenetur eligendi vel voluptas autem qui tenetur placeat.', '1974-02-01 08:43:18');
INSERT INTO `messages` (`id`, `from_user_id`, `to_user_id`, `body`, `created_at`) VALUES ('20', '20', '20', 'Necessitatibus consequuntur dicta perferendis et necessitatibus. Vero et deleniti nihil libero suscipit id.', '2009-04-03 15:42:17');
INSERT INTO `messages` (`id`, `from_user_id`, `to_user_id`, `body`, `created_at`) VALUES ('21', '21', '21', 'Eos et sint deserunt hic dolor rerum. Non quod cum dolore voluptatibus ut aspernatur. Aut ut deleniti occaecati blanditiis veniam in qui asperiores. Sit expedita nesciunt sit aut. Esse ea voluptatum saepe quam explicabo.', '2004-10-15 10:40:26');
INSERT INTO `messages` (`id`, `from_user_id`, `to_user_id`, `body`, `created_at`) VALUES ('22', '22', '22', 'Suscipit magnam iure commodi accusantium dolor tempore. Tempora aut et aut eligendi autem repudiandae. Fuga fugiat sit totam laborum vel autem deleniti. Aut quos nihil illo.', '2001-01-16 15:40:45');
INSERT INTO `messages` (`id`, `from_user_id`, `to_user_id`, `body`, `created_at`) VALUES ('23', '23', '23', 'Cum accusantium iure est incidunt qui consectetur necessitatibus. Minima esse quod odit voluptatibus earum id. Quas aut blanditiis nobis sunt aut consequuntur maxime.', '1997-11-04 19:50:15');
INSERT INTO `messages` (`id`, `from_user_id`, `to_user_id`, `body`, `created_at`) VALUES ('24', '24', '24', 'Id atque quis inventore veniam labore minima animi quasi. Ad enim amet perferendis autem. Quibusdam eum cum eveniet error voluptatem. Occaecati nobis veritatis doloribus hic aut consequuntur.', '1971-12-14 17:33:21');
INSERT INTO `messages` (`id`, `from_user_id`, `to_user_id`, `body`, `created_at`) VALUES ('25', '25', '25', 'Doloremque molestiae non dolore qui. Et nam sint aliquam eum reiciendis. Neque beatae consequatur accusantium harum esse sit. Id eligendi earum ut.', '1970-09-05 21:41:16');
INSERT INTO `messages` (`id`, `from_user_id`, `to_user_id`, `body`, `created_at`) VALUES ('26', '26', '26', 'Vel et nostrum voluptas maxime neque excepturi alias ut. Nobis dolorum voluptatem sit facere laboriosam accusamus. Doloribus ut consequatur sed architecto quo vel.', '2019-04-02 03:26:47');
INSERT INTO `messages` (`id`, `from_user_id`, `to_user_id`, `body`, `created_at`) VALUES ('27', '27', '27', 'Ut aut quidem id deleniti magni. Sunt tempora quo qui dolor. Recusandae velit impedit sequi at ut omnis et. Labore quasi quam consequatur et dolores dolorem.', '2000-09-09 13:01:36');
INSERT INTO `messages` (`id`, `from_user_id`, `to_user_id`, `body`, `created_at`) VALUES ('28', '28', '28', 'Aperiam est et deserunt. Ut laudantium nobis consequuntur. Culpa distinctio recusandae expedita. Modi quaerat rerum nesciunt tempora quia natus exercitationem. Magnam veniam cumque quia nihil at.', '2009-04-20 04:39:36');
INSERT INTO `messages` (`id`, `from_user_id`, `to_user_id`, `body`, `created_at`) VALUES ('29', '29', '29', 'Aut nemo nam cum eum sapiente ipsa quod. Aliquid voluptatem hic ea quos et sint. Nulla iste est dolorem quos voluptate.', '2004-04-22 13:12:34');
INSERT INTO `messages` (`id`, `from_user_id`, `to_user_id`, `body`, `created_at`) VALUES ('30', '30', '30', 'Aspernatur ut et optio ad ut fuga. Pariatur dolor quis et animi aut dignissimos aut. Eos inventore odit corrupti rem aperiam doloribus consequatur. Quod sed aut rem aut.', '1977-10-20 06:04:07');
INSERT INTO `messages` (`id`, `from_user_id`, `to_user_id`, `body`, `created_at`) VALUES ('31', '31', '31', 'Rerum nihil omnis est enim molestiae. Eos ipsam unde possimus autem. Et autem eum voluptatem qui nulla est.', '1983-05-02 08:43:22');
INSERT INTO `messages` (`id`, `from_user_id`, `to_user_id`, `body`, `created_at`) VALUES ('32', '32', '32', 'Magnam autem beatae itaque. Consequatur voluptatem eligendi officiis dolorem aperiam.', '1998-12-17 02:23:42');
INSERT INTO `messages` (`id`, `from_user_id`, `to_user_id`, `body`, `created_at`) VALUES ('33', '33', '33', 'Quis id earum excepturi vitae explicabo alias harum nam. Optio rerum atque facilis dolor ea. Temporibus qui officiis quaerat quas molestiae. Et hic id aut enim itaque.', '1981-03-11 18:21:38');
INSERT INTO `messages` (`id`, `from_user_id`, `to_user_id`, `body`, `created_at`) VALUES ('34', '34', '34', 'Et temporibus inventore occaecati ut sit. Autem laboriosam possimus rerum sint mollitia est id excepturi.', '1981-11-18 22:23:12');
INSERT INTO `messages` (`id`, `from_user_id`, `to_user_id`, `body`, `created_at`) VALUES ('35', '35', '35', 'Cum minus consequatur fugit delectus distinctio. Quia commodi sunt optio sequi. Aut rerum magni alias.', '2008-01-10 20:44:18');
INSERT INTO `messages` (`id`, `from_user_id`, `to_user_id`, `body`, `created_at`) VALUES ('36', '36', '36', 'Minima quia est fuga qui in sed sunt. Qui voluptates laborum ipsa est. Ad fugit voluptatem dicta harum eveniet molestias ducimus.', '1970-11-27 10:50:45');
INSERT INTO `messages` (`id`, `from_user_id`, `to_user_id`, `body`, `created_at`) VALUES ('37', '37', '37', 'Unde quisquam rem autem eligendi eius. Dolorem et et est voluptatem autem ad deserunt. Voluptatem animi blanditiis dolores aspernatur soluta laboriosam.', '2002-04-12 01:06:33');
INSERT INTO `messages` (`id`, `from_user_id`, `to_user_id`, `body`, `created_at`) VALUES ('38', '38', '38', 'Et quia eius sunt dolor in incidunt temporibus. Ut aut iure eius est odit nisi. Omnis assumenda et accusamus laudantium.', '1976-06-20 06:47:44');
INSERT INTO `messages` (`id`, `from_user_id`, `to_user_id`, `body`, `created_at`) VALUES ('39', '39', '39', 'Non incidunt nulla exercitationem corporis aut assumenda exercitationem. Consequatur nesciunt praesentium laudantium consequatur inventore aliquam consequuntur dolorem. Provident quod et architecto enim facilis.', '2011-01-10 08:32:40');
INSERT INTO `messages` (`id`, `from_user_id`, `to_user_id`, `body`, `created_at`) VALUES ('40', '40', '40', 'Quod non voluptatem nemo quo odio. Alias et est laudantium molestiae ex sed voluptas. Et quia sit esse rerum autem qui. Porro a non enim officiis. Laudantium rem velit reprehenderit autem error quia omnis.', '1983-04-08 07:04:05');
INSERT INTO `messages` (`id`, `from_user_id`, `to_user_id`, `body`, `created_at`) VALUES ('41', '41', '41', 'Est consequatur nulla quia recusandae ipsum laborum. Nam quo ex tempora ducimus. Non esse quod beatae aut quia. Et aspernatur saepe et minus.', '1988-04-28 13:44:47');
INSERT INTO `messages` (`id`, `from_user_id`, `to_user_id`, `body`, `created_at`) VALUES ('42', '42', '42', 'Maiores dolorem amet excepturi assumenda. Et et debitis amet. Porro adipisci vero voluptatem aut voluptatem necessitatibus in.', '2001-01-12 19:10:30');
INSERT INTO `messages` (`id`, `from_user_id`, `to_user_id`, `body`, `created_at`) VALUES ('43', '43', '43', 'Unde velit quis aut cumque totam. Libero porro et autem in. Ut voluptates vel et porro.', '2004-03-04 14:33:19');
INSERT INTO `messages` (`id`, `from_user_id`, `to_user_id`, `body`, `created_at`) VALUES ('44', '44', '44', 'Quas mollitia sit tempora minus laboriosam eos dolor. Accusantium suscipit et ut tempore enim et. Sequi voluptatem numquam maxime ut blanditiis et et. Rerum animi nihil optio ea quia.', '1977-10-13 05:08:33');
INSERT INTO `messages` (`id`, `from_user_id`, `to_user_id`, `body`, `created_at`) VALUES ('45', '45', '45', 'Quia aut voluptatem omnis ducimus. Commodi sed eius facere voluptas. Non nihil iusto cum nam nostrum maxime. Nulla et et sint autem voluptas.', '1977-01-07 01:05:54');
INSERT INTO `messages` (`id`, `from_user_id`, `to_user_id`, `body`, `created_at`) VALUES ('46', '46', '46', 'Rerum laudantium minima nesciunt sit maxime sit. Ut et culpa suscipit velit rem. Dolores nam eaque ad et qui et. Repellat recusandae cumque minus debitis. Ipsam fugit qui in eligendi consequatur iusto nisi.', '1989-08-05 11:18:38');
INSERT INTO `messages` (`id`, `from_user_id`, `to_user_id`, `body`, `created_at`) VALUES ('47', '47', '47', 'Nihil iusto iusto quo iusto adipisci quidem ea. Nulla minima reiciendis dolor ut praesentium. Quae voluptas id minima quod harum labore dolor. Ullam quis nemo quisquam odit.', '2013-04-14 17:00:37');
INSERT INTO `messages` (`id`, `from_user_id`, `to_user_id`, `body`, `created_at`) VALUES ('48', '48', '48', 'Repellat ratione quis sed voluptates. Voluptas labore perspiciatis dolor quis sed. Amet temporibus dolorem dicta optio. Minus non officia quia error modi sint.', '1989-09-22 09:23:17');
INSERT INTO `messages` (`id`, `from_user_id`, `to_user_id`, `body`, `created_at`) VALUES ('49', '49', '49', 'Quod quos harum omnis distinctio quod a et. Ipsum aut eligendi quis.', '1987-10-27 19:51:20');
INSERT INTO `messages` (`id`, `from_user_id`, `to_user_id`, `body`, `created_at`) VALUES ('50', '50', '50', 'Quo et alias dolor illum error sunt aliquid. Omnis veritatis accusantium quasi reiciendis rerum nulla. Assumenda eum itaque quo et.', '1997-06-13 12:12:02');
INSERT INTO `messages` (`id`, `from_user_id`, `to_user_id`, `body`, `created_at`) VALUES ('51', '51', '51', 'Enim nesciunt magnam neque dolor aliquam earum ut. Dolores quos nostrum sapiente deserunt. Suscipit qui sit commodi architecto corporis. Doloremque sint ut sequi. Animi ut quidem est consequuntur laboriosam occaecati repellat.', '1984-05-24 19:32:19');
INSERT INTO `messages` (`id`, `from_user_id`, `to_user_id`, `body`, `created_at`) VALUES ('52', '52', '52', 'Est velit voluptas perspiciatis repudiandae porro debitis. Fuga voluptatem qui eos quidem id rem in molestiae. Aut excepturi vel velit quo alias quia qui. Voluptatem occaecati in eum aliquam assumenda recusandae.', '1991-09-01 18:28:19');
INSERT INTO `messages` (`id`, `from_user_id`, `to_user_id`, `body`, `created_at`) VALUES ('53', '53', '53', 'Autem et quidem sed qui. Aperiam eos dolores quo distinctio qui odit voluptas. Quaerat odit recusandae vel at asperiores.', '1987-01-02 05:17:39');
INSERT INTO `messages` (`id`, `from_user_id`, `to_user_id`, `body`, `created_at`) VALUES ('54', '54', '54', 'Unde sunt est a asperiores esse magni voluptatum et. Eos ratione vitae consequatur ut et consequatur voluptatem. Quia maiores suscipit omnis repellendus doloribus repudiandae aut.', '1995-12-22 12:55:36');
INSERT INTO `messages` (`id`, `from_user_id`, `to_user_id`, `body`, `created_at`) VALUES ('55', '55', '55', 'Dolores aut voluptatum illo ducimus ipsa. Ex totam eligendi sapiente ipsa voluptatem.', '1985-09-19 04:18:53');
INSERT INTO `messages` (`id`, `from_user_id`, `to_user_id`, `body`, `created_at`) VALUES ('56', '56', '56', 'Magnam aut aliquam quis voluptatum qui. Est quod ducimus quam rerum rerum. Iure sit pariatur earum. Pariatur dolorum aperiam magnam itaque doloribus quaerat repellendus ipsa.', '2013-05-28 04:01:31');
INSERT INTO `messages` (`id`, `from_user_id`, `to_user_id`, `body`, `created_at`) VALUES ('57', '57', '57', 'Officia magni magni voluptatem maiores. Asperiores esse vitae odio omnis. Ut autem eius minus exercitationem qui expedita nobis. Cum corrupti repudiandae harum doloremque atque mollitia.', '2005-09-01 19:23:21');
INSERT INTO `messages` (`id`, `from_user_id`, `to_user_id`, `body`, `created_at`) VALUES ('58', '58', '58', 'Qui ea nulla omnis natus qui omnis. Tempora voluptatem dolorem similique ipsa occaecati iure cupiditate. Laudantium et dolorem tenetur. Reiciendis iusto excepturi dignissimos expedita nobis.', '2007-05-27 15:07:44');
INSERT INTO `messages` (`id`, `from_user_id`, `to_user_id`, `body`, `created_at`) VALUES ('59', '59', '59', 'Et sit fugiat officiis voluptas harum consequatur ut quam. Delectus nulla officia consectetur doloremque saepe. Voluptatem architecto voluptates ea consequatur illum dolor.', '2016-01-23 11:10:16');
INSERT INTO `messages` (`id`, `from_user_id`, `to_user_id`, `body`, `created_at`) VALUES ('60', '60', '60', 'Fugiat modi blanditiis id ipsum nesciunt aliquid ut. Fuga dolores consequatur explicabo aut delectus. Consectetur et sequi aut hic maiores illum. Impedit quasi possimus fugiat quae.', '1997-02-27 09:59:56');
INSERT INTO `messages` (`id`, `from_user_id`, `to_user_id`, `body`, `created_at`) VALUES ('61', '61', '61', 'Repudiandae enim veritatis iusto quia voluptates. Modi eius eaque quaerat nulla. Assumenda quas reiciendis et quam. Sit non rerum cum in eum et omnis.', '2004-04-13 08:40:30');
INSERT INTO `messages` (`id`, `from_user_id`, `to_user_id`, `body`, `created_at`) VALUES ('62', '62', '62', 'Nemo atque aspernatur est sit. Ad consequatur rerum voluptas est. Omnis consequatur fuga harum qui porro delectus. Vel qui molestiae earum sunt et eos. Quaerat ducimus hic facere et nihil impedit sed.', '2016-05-19 15:48:42');
INSERT INTO `messages` (`id`, `from_user_id`, `to_user_id`, `body`, `created_at`) VALUES ('63', '63', '63', 'Quis sit nisi qui inventore et id. Sapiente sunt minus debitis sit atque.', '1993-04-02 10:42:20');
INSERT INTO `messages` (`id`, `from_user_id`, `to_user_id`, `body`, `created_at`) VALUES ('64', '64', '64', 'Aliquid ducimus soluta laboriosam magni dolor. Totam incidunt ipsa necessitatibus at sapiente maxime. Aliquid beatae dolor ab voluptatem facere est.', '2014-08-21 19:59:50');
INSERT INTO `messages` (`id`, `from_user_id`, `to_user_id`, `body`, `created_at`) VALUES ('65', '65', '65', 'Reprehenderit qui omnis commodi soluta quaerat repudiandae sapiente est. Qui voluptatem est nobis architecto voluptas quas ea deleniti. Dolor eveniet quis accusamus facere rerum amet alias.', '1991-05-19 00:34:48');
INSERT INTO `messages` (`id`, `from_user_id`, `to_user_id`, `body`, `created_at`) VALUES ('66', '66', '66', 'Id animi sit pariatur adipisci blanditiis. Accusamus et amet nobis id. Ea quo libero qui quia. Fugiat ullam dignissimos iure a quasi.', '1997-08-09 10:07:40');
INSERT INTO `messages` (`id`, `from_user_id`, `to_user_id`, `body`, `created_at`) VALUES ('67', '67', '67', 'Qui ut et architecto quia qui omnis quisquam illo. Qui officia in aliquam fugiat dolores esse ab. Tempora illum perferendis et blanditiis. Qui perferendis velit omnis et.', '1995-07-14 07:28:11');
INSERT INTO `messages` (`id`, `from_user_id`, `to_user_id`, `body`, `created_at`) VALUES ('68', '68', '68', 'Nisi itaque consectetur doloribus id. Molestiae ex amet delectus reprehenderit quos quia id corporis. Itaque voluptas reprehenderit quia doloribus.', '1980-04-18 04:27:52');
INSERT INTO `messages` (`id`, `from_user_id`, `to_user_id`, `body`, `created_at`) VALUES ('69', '69', '69', 'Repellat possimus delectus in qui corrupti. Ipsum nemo fugit omnis ea et harum aut. Ipsa occaecati natus sed maxime eum maiores doloremque. Occaecati facilis possimus nihil dignissimos.', '2005-09-27 07:58:33');
INSERT INTO `messages` (`id`, `from_user_id`, `to_user_id`, `body`, `created_at`) VALUES ('70', '70', '70', 'Et vero corrupti magnam quia. Atque dolorem repudiandae sit. In deleniti ipsum quas laudantium. Fugiat non magnam ex ea nihil nulla eos.', '2013-05-29 11:46:56');
INSERT INTO `messages` (`id`, `from_user_id`, `to_user_id`, `body`, `created_at`) VALUES ('71', '71', '71', 'Aperiam in qui ducimus eius suscipit. Voluptatem occaecati accusamus voluptas earum ut. Dolore nihil veniam enim eum. Et perferendis iure animi ad.', '1975-08-19 10:25:45');
INSERT INTO `messages` (`id`, `from_user_id`, `to_user_id`, `body`, `created_at`) VALUES ('72', '72', '72', 'Culpa voluptate culpa saepe deserunt. Qui illo perferendis ut sunt qui. Nihil occaecati repellendus reiciendis sapiente aperiam. Iste error natus ullam id est. Doloribus eum voluptas modi et animi reiciendis sequi nihil.', '1982-05-14 03:53:38');
INSERT INTO `messages` (`id`, `from_user_id`, `to_user_id`, `body`, `created_at`) VALUES ('73', '73', '73', 'At ipsam aut fuga doloremque modi consectetur suscipit. Deserunt nesciunt molestias quasi et harum. Dolor facilis rerum nostrum repellat occaecati saepe id.', '1974-10-06 15:49:06');
INSERT INTO `messages` (`id`, `from_user_id`, `to_user_id`, `body`, `created_at`) VALUES ('74', '74', '74', 'Ut dolore mollitia est perspiciatis aut. Modi consequatur autem doloribus fugiat omnis nulla et consectetur. Nisi laboriosam et excepturi. Voluptatem sequi quia eos. Dolorem non dignissimos similique aut totam fugit.', '1996-11-28 02:29:28');
INSERT INTO `messages` (`id`, `from_user_id`, `to_user_id`, `body`, `created_at`) VALUES ('75', '75', '75', 'Impedit tenetur unde sit non. Qui doloribus consequatur suscipit qui. Et omnis occaecati ut error. Sint consequatur voluptas provident pariatur at.', '1994-02-17 09:19:53');
INSERT INTO `messages` (`id`, `from_user_id`, `to_user_id`, `body`, `created_at`) VALUES ('76', '76', '76', 'Sit nobis praesentium nobis enim. Et nam nostrum dolores praesentium illo ad eos et. Labore et quo aut et laboriosam.', '2017-06-16 06:48:36');
INSERT INTO `messages` (`id`, `from_user_id`, `to_user_id`, `body`, `created_at`) VALUES ('77', '77', '77', 'Quis distinctio voluptates ducimus cupiditate accusantium. Earum perferendis amet in quam blanditiis nihil ullam iure. Consequatur in aperiam nemo dolores in consectetur ut. Nihil quas nihil in est consequatur tempore error.', '2015-07-31 10:29:32');
INSERT INTO `messages` (`id`, `from_user_id`, `to_user_id`, `body`, `created_at`) VALUES ('78', '78', '78', 'Praesentium provident quos sint. Dolor cumque voluptatem aut et dolores. Labore quasi omnis dolorum qui neque nihil qui voluptatem. Tempore et incidunt suscipit nulla sed. Voluptatibus numquam modi magnam.', '2017-05-30 08:49:10');
INSERT INTO `messages` (`id`, `from_user_id`, `to_user_id`, `body`, `created_at`) VALUES ('79', '79', '79', 'Velit dicta velit velit molestias. Repellat expedita fugit aut sapiente placeat soluta pariatur sit. Laboriosam nesciunt cum labore deleniti laborum nulla. Id quis quia totam iusto et eos. Voluptatibus fugit quam est quas ullam sunt distinctio.', '1973-04-07 05:02:53');
INSERT INTO `messages` (`id`, `from_user_id`, `to_user_id`, `body`, `created_at`) VALUES ('80', '80', '80', 'Velit totam adipisci pariatur voluptas quia dolor distinctio aut. Ex quia ipsam omnis eius nulla. Omnis aperiam sint sapiente expedita. Quasi sit aliquam et est. Ullam tenetur blanditiis voluptate deleniti et quam omnis.', '1970-01-08 02:24:05');
INSERT INTO `messages` (`id`, `from_user_id`, `to_user_id`, `body`, `created_at`) VALUES ('81', '81', '81', 'Provident non debitis neque excepturi iste soluta suscipit. Quia consectetur velit est qui unde laborum. Culpa molestiae nam molestiae voluptas ducimus ipsum est.', '1978-11-14 11:18:08');
INSERT INTO `messages` (`id`, `from_user_id`, `to_user_id`, `body`, `created_at`) VALUES ('82', '82', '82', 'Earum vel voluptatem veritatis porro sit eveniet qui rerum. Doloribus alias natus ut excepturi aut ut enim. Provident sed nobis cupiditate officiis rerum nulla quo.', '1996-09-28 00:44:55');
INSERT INTO `messages` (`id`, `from_user_id`, `to_user_id`, `body`, `created_at`) VALUES ('83', '83', '83', 'Minima consequatur natus sequi reiciendis. Sequi ab atque tempore delectus. Harum sed ut unde ducimus autem illo molestiae soluta. Inventore ad et ut fuga odio nemo.', '1992-07-21 07:08:57');
INSERT INTO `messages` (`id`, `from_user_id`, `to_user_id`, `body`, `created_at`) VALUES ('84', '84', '84', 'Quibusdam laborum quam esse. Mollitia sint reiciendis non ipsum culpa tempore voluptatem ut. Dolore impedit ut voluptatem molestiae illum.', '1990-06-17 13:23:28');
INSERT INTO `messages` (`id`, `from_user_id`, `to_user_id`, `body`, `created_at`) VALUES ('85', '85', '85', 'Facere nemo molestiae quaerat iusto quia illum. Molestiae sed occaecati delectus tenetur enim consequatur consequatur. Et aliquid cumque enim commodi et quasi corrupti rerum.', '2001-05-21 11:02:30');
INSERT INTO `messages` (`id`, `from_user_id`, `to_user_id`, `body`, `created_at`) VALUES ('86', '86', '86', 'Voluptates enim libero non optio. Velit omnis commodi est. Tenetur quia qui ut. Cumque necessitatibus inventore dolore ut quibusdam.', '1979-05-17 22:21:05');
INSERT INTO `messages` (`id`, `from_user_id`, `to_user_id`, `body`, `created_at`) VALUES ('87', '87', '87', 'Ipsam non quo recusandae qui. Maxime enim atque voluptatem modi temporibus. Atque porro et illo adipisci praesentium et qui. Sed molestias ratione voluptas laudantium id voluptatem est.', '1987-09-25 03:05:07');
INSERT INTO `messages` (`id`, `from_user_id`, `to_user_id`, `body`, `created_at`) VALUES ('88', '88', '88', 'Harum consequuntur qui incidunt cum. Veritatis voluptatem et totam vitae exercitationem. Dolores quod et officia dolor qui unde.', '1975-09-28 15:50:12');
INSERT INTO `messages` (`id`, `from_user_id`, `to_user_id`, `body`, `created_at`) VALUES ('89', '89', '89', 'Ab repellat natus quia nihil. Modi quaerat nihil explicabo voluptas recusandae eum ad reiciendis. Aut alias est rerum minima. Sed repellat suscipit omnis facilis soluta.', '2014-03-19 19:18:03');
INSERT INTO `messages` (`id`, `from_user_id`, `to_user_id`, `body`, `created_at`) VALUES ('90', '90', '90', 'Nesciunt inventore iure et blanditiis voluptatem et at. Sed voluptatem expedita necessitatibus consequuntur aut eligendi. Impedit ipsam magnam deleniti nulla non cumque porro.', '1998-04-28 07:53:25');
INSERT INTO `messages` (`id`, `from_user_id`, `to_user_id`, `body`, `created_at`) VALUES ('91', '91', '91', 'Debitis consectetur est aliquam sed. Enim quo quisquam magnam voluptas natus est et.', '2007-04-23 22:45:46');
INSERT INTO `messages` (`id`, `from_user_id`, `to_user_id`, `body`, `created_at`) VALUES ('92', '92', '92', 'Quia voluptate laudantium ex molestiae quaerat. Consequatur ipsum non earum animi nostrum aut qui. Consequatur officiis non natus blanditiis impedit tenetur eum.', '2001-04-05 13:54:41');
INSERT INTO `messages` (`id`, `from_user_id`, `to_user_id`, `body`, `created_at`) VALUES ('93', '93', '93', 'Nobis consectetur necessitatibus quos aut et sequi laboriosam. Dolorem et rerum nisi qui asperiores officia similique.', '1971-04-16 10:36:15');
INSERT INTO `messages` (`id`, `from_user_id`, `to_user_id`, `body`, `created_at`) VALUES ('94', '94', '94', 'Itaque rerum saepe tempora voluptas rerum voluptas. Id delectus ullam molestias at et hic eaque. Dolorem aut aliquid iste. Et consequatur consequatur dolor hic qui corporis et odit.', '1984-04-20 01:26:56');
INSERT INTO `messages` (`id`, `from_user_id`, `to_user_id`, `body`, `created_at`) VALUES ('95', '95', '95', 'Sit quaerat eum aut natus sit libero vitae. Et qui nihil qui mollitia corrupti natus. Numquam quidem occaecati alias nobis aut amet.', '1984-01-22 21:28:40');
INSERT INTO `messages` (`id`, `from_user_id`, `to_user_id`, `body`, `created_at`) VALUES ('96', '96', '96', 'Sint debitis ut occaecati harum. Porro fugiat inventore doloremque nemo. Delectus laboriosam in aut perspiciatis quos quam. Animi ea qui voluptatibus.', '2016-06-30 20:39:43');
INSERT INTO `messages` (`id`, `from_user_id`, `to_user_id`, `body`, `created_at`) VALUES ('97', '97', '97', 'Ipsa repudiandae dolorem corrupti assumenda. Excepturi maxime excepturi harum et dicta et aut. Autem deleniti consequuntur et consequatur necessitatibus sit inventore.', '2011-03-25 16:40:17');
INSERT INTO `messages` (`id`, `from_user_id`, `to_user_id`, `body`, `created_at`) VALUES ('98', '98', '98', 'Ullam ut deserunt magni quis iusto. Nostrum provident occaecati vero blanditiis eos ut dolorem. Aut voluptatem itaque natus repudiandae et est laborum. Ex quaerat iste impedit eligendi.', '1981-08-07 14:52:14');
INSERT INTO `messages` (`id`, `from_user_id`, `to_user_id`, `body`, `created_at`) VALUES ('99', '99', '99', 'Vel quo doloribus doloribus nihil et pariatur est tempore. Eum quasi non error eaque non. Et recusandae illum quia autem.', '2012-09-01 11:45:40');
INSERT INTO `messages` (`id`, `from_user_id`, `to_user_id`, `body`, `created_at`) VALUES ('100', '100', '100', 'Dolores fugit nobis nisi reprehenderit. Facilis quis est voluptatem officiis alias qui eligendi rerum. Et iste nam consequuntur delectus et blanditiis. Sit ipsam distinctio ab.', '2006-09-09 11:02:44');


#
# TABLE STRUCTURE FOR: photo_albums
#

DROP TABLE IF EXISTS `photo_albums`;

CREATE TABLE `photo_albums` (
  `id` bigint(20) unsigned NOT NULL AUTO_INCREMENT,
  `name` varchar(255) COLLATE utf8_unicode_ci DEFAULT NULL,
  `user_id` bigint(20) unsigned DEFAULT NULL,
  PRIMARY KEY (`id`),
  UNIQUE KEY `id` (`id`),
  KEY `user_id` (`user_id`),
  CONSTRAINT `photo_albums_ibfk_1` FOREIGN KEY (`user_id`) REFERENCES `users` (`id`)
) ENGINE=InnoDB AUTO_INCREMENT=101 DEFAULT CHARSET=utf8 COLLATE=utf8_unicode_ci;

INSERT INTO `photo_albums` (`id`, `name`, `user_id`) VALUES ('1', 'porro', '1');
INSERT INTO `photo_albums` (`id`, `name`, `user_id`) VALUES ('2', 'incidunt', '2');
INSERT INTO `photo_albums` (`id`, `name`, `user_id`) VALUES ('3', 'magnam', '3');
INSERT INTO `photo_albums` (`id`, `name`, `user_id`) VALUES ('4', 'ab', '4');
INSERT INTO `photo_albums` (`id`, `name`, `user_id`) VALUES ('5', 'delectus', '5');
INSERT INTO `photo_albums` (`id`, `name`, `user_id`) VALUES ('6', 'nostrum', '6');
INSERT INTO `photo_albums` (`id`, `name`, `user_id`) VALUES ('7', 'accusantium', '7');
INSERT INTO `photo_albums` (`id`, `name`, `user_id`) VALUES ('8', 'assumenda', '8');
INSERT INTO `photo_albums` (`id`, `name`, `user_id`) VALUES ('9', 'hic', '9');
INSERT INTO `photo_albums` (`id`, `name`, `user_id`) VALUES ('10', 'voluptatem', '10');
INSERT INTO `photo_albums` (`id`, `name`, `user_id`) VALUES ('11', 'ut', '11');
INSERT INTO `photo_albums` (`id`, `name`, `user_id`) VALUES ('12', 'error', '12');
INSERT INTO `photo_albums` (`id`, `name`, `user_id`) VALUES ('13', 'quia', '13');
INSERT INTO `photo_albums` (`id`, `name`, `user_id`) VALUES ('14', 'dolorem', '14');
INSERT INTO `photo_albums` (`id`, `name`, `user_id`) VALUES ('15', 'ipsum', '15');
INSERT INTO `photo_albums` (`id`, `name`, `user_id`) VALUES ('16', 'dolores', '16');
INSERT INTO `photo_albums` (`id`, `name`, `user_id`) VALUES ('17', 'ipsum', '17');
INSERT INTO `photo_albums` (`id`, `name`, `user_id`) VALUES ('18', 'et', '18');
INSERT INTO `photo_albums` (`id`, `name`, `user_id`) VALUES ('19', 'excepturi', '19');
INSERT INTO `photo_albums` (`id`, `name`, `user_id`) VALUES ('20', 'hic', '20');
INSERT INTO `photo_albums` (`id`, `name`, `user_id`) VALUES ('21', 'doloribus', '21');
INSERT INTO `photo_albums` (`id`, `name`, `user_id`) VALUES ('22', 'veritatis', '22');
INSERT INTO `photo_albums` (`id`, `name`, `user_id`) VALUES ('23', 'quae', '23');
INSERT INTO `photo_albums` (`id`, `name`, `user_id`) VALUES ('24', 'a', '24');
INSERT INTO `photo_albums` (`id`, `name`, `user_id`) VALUES ('25', 'pariatur', '25');
INSERT INTO `photo_albums` (`id`, `name`, `user_id`) VALUES ('26', 'non', '26');
INSERT INTO `photo_albums` (`id`, `name`, `user_id`) VALUES ('27', 'fuga', '27');
INSERT INTO `photo_albums` (`id`, `name`, `user_id`) VALUES ('28', 'suscipit', '28');
INSERT INTO `photo_albums` (`id`, `name`, `user_id`) VALUES ('29', 'ipsa', '29');
INSERT INTO `photo_albums` (`id`, `name`, `user_id`) VALUES ('30', 'asperiores', '30');
INSERT INTO `photo_albums` (`id`, `name`, `user_id`) VALUES ('31', 'nihil', '31');
INSERT INTO `photo_albums` (`id`, `name`, `user_id`) VALUES ('32', 'dolores', '32');
INSERT INTO `photo_albums` (`id`, `name`, `user_id`) VALUES ('33', 'vitae', '33');
INSERT INTO `photo_albums` (`id`, `name`, `user_id`) VALUES ('34', 'aut', '34');
INSERT INTO `photo_albums` (`id`, `name`, `user_id`) VALUES ('35', 'sed', '35');
INSERT INTO `photo_albums` (`id`, `name`, `user_id`) VALUES ('36', 'qui', '36');
INSERT INTO `photo_albums` (`id`, `name`, `user_id`) VALUES ('37', 'ratione', '37');
INSERT INTO `photo_albums` (`id`, `name`, `user_id`) VALUES ('38', 'provident', '38');
INSERT INTO `photo_albums` (`id`, `name`, `user_id`) VALUES ('39', 'illum', '39');
INSERT INTO `photo_albums` (`id`, `name`, `user_id`) VALUES ('40', 'qui', '40');
INSERT INTO `photo_albums` (`id`, `name`, `user_id`) VALUES ('41', 'maxime', '41');
INSERT INTO `photo_albums` (`id`, `name`, `user_id`) VALUES ('42', 'voluptatem', '42');
INSERT INTO `photo_albums` (`id`, `name`, `user_id`) VALUES ('43', 'beatae', '43');
INSERT INTO `photo_albums` (`id`, `name`, `user_id`) VALUES ('44', 'nemo', '44');
INSERT INTO `photo_albums` (`id`, `name`, `user_id`) VALUES ('45', 'veniam', '45');
INSERT INTO `photo_albums` (`id`, `name`, `user_id`) VALUES ('46', 'est', '46');
INSERT INTO `photo_albums` (`id`, `name`, `user_id`) VALUES ('47', 'provident', '47');
INSERT INTO `photo_albums` (`id`, `name`, `user_id`) VALUES ('48', 'veritatis', '48');
INSERT INTO `photo_albums` (`id`, `name`, `user_id`) VALUES ('49', 'sint', '49');
INSERT INTO `photo_albums` (`id`, `name`, `user_id`) VALUES ('50', 'unde', '50');
INSERT INTO `photo_albums` (`id`, `name`, `user_id`) VALUES ('51', 'consequatur', '51');
INSERT INTO `photo_albums` (`id`, `name`, `user_id`) VALUES ('52', 'provident', '52');
INSERT INTO `photo_albums` (`id`, `name`, `user_id`) VALUES ('53', 'et', '53');
INSERT INTO `photo_albums` (`id`, `name`, `user_id`) VALUES ('54', 'pariatur', '54');
INSERT INTO `photo_albums` (`id`, `name`, `user_id`) VALUES ('55', 'qui', '55');
INSERT INTO `photo_albums` (`id`, `name`, `user_id`) VALUES ('56', 'molestiae', '56');
INSERT INTO `photo_albums` (`id`, `name`, `user_id`) VALUES ('57', 'a', '57');
INSERT INTO `photo_albums` (`id`, `name`, `user_id`) VALUES ('58', 'dolorum', '58');
INSERT INTO `photo_albums` (`id`, `name`, `user_id`) VALUES ('59', 'laboriosam', '59');
INSERT INTO `photo_albums` (`id`, `name`, `user_id`) VALUES ('60', 'occaecati', '60');
INSERT INTO `photo_albums` (`id`, `name`, `user_id`) VALUES ('61', 'et', '61');
INSERT INTO `photo_albums` (`id`, `name`, `user_id`) VALUES ('62', 'deleniti', '62');
INSERT INTO `photo_albums` (`id`, `name`, `user_id`) VALUES ('63', 'est', '63');
INSERT INTO `photo_albums` (`id`, `name`, `user_id`) VALUES ('64', 'quo', '64');
INSERT INTO `photo_albums` (`id`, `name`, `user_id`) VALUES ('65', 'qui', '65');
INSERT INTO `photo_albums` (`id`, `name`, `user_id`) VALUES ('66', 'sunt', '66');
INSERT INTO `photo_albums` (`id`, `name`, `user_id`) VALUES ('67', 'quia', '67');
INSERT INTO `photo_albums` (`id`, `name`, `user_id`) VALUES ('68', 'aut', '68');
INSERT INTO `photo_albums` (`id`, `name`, `user_id`) VALUES ('69', 'fugiat', '69');
INSERT INTO `photo_albums` (`id`, `name`, `user_id`) VALUES ('70', 'rerum', '70');
INSERT INTO `photo_albums` (`id`, `name`, `user_id`) VALUES ('71', 'voluptatibus', '71');
INSERT INTO `photo_albums` (`id`, `name`, `user_id`) VALUES ('72', 'repudiandae', '72');
INSERT INTO `photo_albums` (`id`, `name`, `user_id`) VALUES ('73', 'alias', '73');
INSERT INTO `photo_albums` (`id`, `name`, `user_id`) VALUES ('74', 'consequatur', '74');
INSERT INTO `photo_albums` (`id`, `name`, `user_id`) VALUES ('75', 'est', '75');
INSERT INTO `photo_albums` (`id`, `name`, `user_id`) VALUES ('76', 'deserunt', '76');
INSERT INTO `photo_albums` (`id`, `name`, `user_id`) VALUES ('77', 'ea', '77');
INSERT INTO `photo_albums` (`id`, `name`, `user_id`) VALUES ('78', 'voluptas', '78');
INSERT INTO `photo_albums` (`id`, `name`, `user_id`) VALUES ('79', 'ut', '79');
INSERT INTO `photo_albums` (`id`, `name`, `user_id`) VALUES ('80', 'fuga', '80');
INSERT INTO `photo_albums` (`id`, `name`, `user_id`) VALUES ('81', 'dolores', '81');
INSERT INTO `photo_albums` (`id`, `name`, `user_id`) VALUES ('82', 'est', '82');
INSERT INTO `photo_albums` (`id`, `name`, `user_id`) VALUES ('83', 'blanditiis', '83');
INSERT INTO `photo_albums` (`id`, `name`, `user_id`) VALUES ('84', 'vero', '84');
INSERT INTO `photo_albums` (`id`, `name`, `user_id`) VALUES ('85', 'laborum', '85');
INSERT INTO `photo_albums` (`id`, `name`, `user_id`) VALUES ('86', 'nesciunt', '86');
INSERT INTO `photo_albums` (`id`, `name`, `user_id`) VALUES ('87', 'dolorem', '87');
INSERT INTO `photo_albums` (`id`, `name`, `user_id`) VALUES ('88', 'eius', '88');
INSERT INTO `photo_albums` (`id`, `name`, `user_id`) VALUES ('89', 'natus', '89');
INSERT INTO `photo_albums` (`id`, `name`, `user_id`) VALUES ('90', 'nisi', '90');
INSERT INTO `photo_albums` (`id`, `name`, `user_id`) VALUES ('91', 'saepe', '91');
INSERT INTO `photo_albums` (`id`, `name`, `user_id`) VALUES ('92', 'ut', '92');
INSERT INTO `photo_albums` (`id`, `name`, `user_id`) VALUES ('93', 'corrupti', '93');
INSERT INTO `photo_albums` (`id`, `name`, `user_id`) VALUES ('94', 'aspernatur', '94');
INSERT INTO `photo_albums` (`id`, `name`, `user_id`) VALUES ('95', 'eos', '95');
INSERT INTO `photo_albums` (`id`, `name`, `user_id`) VALUES ('96', 'commodi', '96');
INSERT INTO `photo_albums` (`id`, `name`, `user_id`) VALUES ('97', 'ducimus', '97');
INSERT INTO `photo_albums` (`id`, `name`, `user_id`) VALUES ('98', 'tempore', '98');
INSERT INTO `photo_albums` (`id`, `name`, `user_id`) VALUES ('99', 'ratione', '99');
INSERT INTO `photo_albums` (`id`, `name`, `user_id`) VALUES ('100', 'explicabo', '100');


#
# TABLE STRUCTURE FOR: photos
#

DROP TABLE IF EXISTS `photos`;

CREATE TABLE `photos` (
  `id` bigint(20) unsigned NOT NULL AUTO_INCREMENT,
  `album_id` bigint(20) unsigned NOT NULL,
  `media_id` bigint(20) unsigned NOT NULL,
  PRIMARY KEY (`id`),
  KEY `album_id` (`album_id`),
  KEY `media_id` (`media_id`),
  CONSTRAINT `photos_ibfk_1` FOREIGN KEY (`album_id`) REFERENCES `photo_albums` (`id`),
  CONSTRAINT `photos_ibfk_2` FOREIGN KEY (`media_id`) REFERENCES `media` (`id`)
) ENGINE=InnoDB AUTO_INCREMENT=101 DEFAULT CHARSET=utf8 COLLATE=utf8_unicode_ci;

INSERT INTO `photos` (`id`, `album_id`, `media_id`) VALUES ('1', '1', '1');
INSERT INTO `photos` (`id`, `album_id`, `media_id`) VALUES ('2', '2', '2');
INSERT INTO `photos` (`id`, `album_id`, `media_id`) VALUES ('3', '3', '3');
INSERT INTO `photos` (`id`, `album_id`, `media_id`) VALUES ('4', '4', '4');
INSERT INTO `photos` (`id`, `album_id`, `media_id`) VALUES ('5', '5', '5');
INSERT INTO `photos` (`id`, `album_id`, `media_id`) VALUES ('6', '6', '6');
INSERT INTO `photos` (`id`, `album_id`, `media_id`) VALUES ('7', '7', '7');
INSERT INTO `photos` (`id`, `album_id`, `media_id`) VALUES ('8', '8', '8');
INSERT INTO `photos` (`id`, `album_id`, `media_id`) VALUES ('9', '9', '9');
INSERT INTO `photos` (`id`, `album_id`, `media_id`) VALUES ('10', '10', '10');
INSERT INTO `photos` (`id`, `album_id`, `media_id`) VALUES ('11', '11', '11');
INSERT INTO `photos` (`id`, `album_id`, `media_id`) VALUES ('12', '12', '12');
INSERT INTO `photos` (`id`, `album_id`, `media_id`) VALUES ('13', '13', '13');
INSERT INTO `photos` (`id`, `album_id`, `media_id`) VALUES ('14', '14', '14');
INSERT INTO `photos` (`id`, `album_id`, `media_id`) VALUES ('15', '15', '15');
INSERT INTO `photos` (`id`, `album_id`, `media_id`) VALUES ('16', '16', '16');
INSERT INTO `photos` (`id`, `album_id`, `media_id`) VALUES ('17', '17', '17');
INSERT INTO `photos` (`id`, `album_id`, `media_id`) VALUES ('18', '18', '18');
INSERT INTO `photos` (`id`, `album_id`, `media_id`) VALUES ('19', '19', '19');
INSERT INTO `photos` (`id`, `album_id`, `media_id`) VALUES ('20', '20', '20');
INSERT INTO `photos` (`id`, `album_id`, `media_id`) VALUES ('21', '21', '21');
INSERT INTO `photos` (`id`, `album_id`, `media_id`) VALUES ('22', '22', '22');
INSERT INTO `photos` (`id`, `album_id`, `media_id`) VALUES ('23', '23', '23');
INSERT INTO `photos` (`id`, `album_id`, `media_id`) VALUES ('24', '24', '24');
INSERT INTO `photos` (`id`, `album_id`, `media_id`) VALUES ('25', '25', '25');
INSERT INTO `photos` (`id`, `album_id`, `media_id`) VALUES ('26', '26', '26');
INSERT INTO `photos` (`id`, `album_id`, `media_id`) VALUES ('27', '27', '27');
INSERT INTO `photos` (`id`, `album_id`, `media_id`) VALUES ('28', '28', '28');
INSERT INTO `photos` (`id`, `album_id`, `media_id`) VALUES ('29', '29', '29');
INSERT INTO `photos` (`id`, `album_id`, `media_id`) VALUES ('30', '30', '30');
INSERT INTO `photos` (`id`, `album_id`, `media_id`) VALUES ('31', '31', '31');
INSERT INTO `photos` (`id`, `album_id`, `media_id`) VALUES ('32', '32', '32');
INSERT INTO `photos` (`id`, `album_id`, `media_id`) VALUES ('33', '33', '33');
INSERT INTO `photos` (`id`, `album_id`, `media_id`) VALUES ('34', '34', '34');
INSERT INTO `photos` (`id`, `album_id`, `media_id`) VALUES ('35', '35', '35');
INSERT INTO `photos` (`id`, `album_id`, `media_id`) VALUES ('36', '36', '36');
INSERT INTO `photos` (`id`, `album_id`, `media_id`) VALUES ('37', '37', '37');
INSERT INTO `photos` (`id`, `album_id`, `media_id`) VALUES ('38', '38', '38');
INSERT INTO `photos` (`id`, `album_id`, `media_id`) VALUES ('39', '39', '39');
INSERT INTO `photos` (`id`, `album_id`, `media_id`) VALUES ('40', '40', '40');
INSERT INTO `photos` (`id`, `album_id`, `media_id`) VALUES ('41', '41', '41');
INSERT INTO `photos` (`id`, `album_id`, `media_id`) VALUES ('42', '42', '42');
INSERT INTO `photos` (`id`, `album_id`, `media_id`) VALUES ('43', '43', '43');
INSERT INTO `photos` (`id`, `album_id`, `media_id`) VALUES ('44', '44', '44');
INSERT INTO `photos` (`id`, `album_id`, `media_id`) VALUES ('45', '45', '45');
INSERT INTO `photos` (`id`, `album_id`, `media_id`) VALUES ('46', '46', '46');
INSERT INTO `photos` (`id`, `album_id`, `media_id`) VALUES ('47', '47', '47');
INSERT INTO `photos` (`id`, `album_id`, `media_id`) VALUES ('48', '48', '48');
INSERT INTO `photos` (`id`, `album_id`, `media_id`) VALUES ('49', '49', '49');
INSERT INTO `photos` (`id`, `album_id`, `media_id`) VALUES ('50', '50', '50');
INSERT INTO `photos` (`id`, `album_id`, `media_id`) VALUES ('51', '51', '51');
INSERT INTO `photos` (`id`, `album_id`, `media_id`) VALUES ('52', '52', '52');
INSERT INTO `photos` (`id`, `album_id`, `media_id`) VALUES ('53', '53', '53');
INSERT INTO `photos` (`id`, `album_id`, `media_id`) VALUES ('54', '54', '54');
INSERT INTO `photos` (`id`, `album_id`, `media_id`) VALUES ('55', '55', '55');
INSERT INTO `photos` (`id`, `album_id`, `media_id`) VALUES ('56', '56', '56');
INSERT INTO `photos` (`id`, `album_id`, `media_id`) VALUES ('57', '57', '57');
INSERT INTO `photos` (`id`, `album_id`, `media_id`) VALUES ('58', '58', '58');
INSERT INTO `photos` (`id`, `album_id`, `media_id`) VALUES ('59', '59', '59');
INSERT INTO `photos` (`id`, `album_id`, `media_id`) VALUES ('60', '60', '60');
INSERT INTO `photos` (`id`, `album_id`, `media_id`) VALUES ('61', '61', '61');
INSERT INTO `photos` (`id`, `album_id`, `media_id`) VALUES ('62', '62', '62');
INSERT INTO `photos` (`id`, `album_id`, `media_id`) VALUES ('63', '63', '63');
INSERT INTO `photos` (`id`, `album_id`, `media_id`) VALUES ('64', '64', '64');
INSERT INTO `photos` (`id`, `album_id`, `media_id`) VALUES ('65', '65', '65');
INSERT INTO `photos` (`id`, `album_id`, `media_id`) VALUES ('66', '66', '66');
INSERT INTO `photos` (`id`, `album_id`, `media_id`) VALUES ('67', '67', '67');
INSERT INTO `photos` (`id`, `album_id`, `media_id`) VALUES ('68', '68', '68');
INSERT INTO `photos` (`id`, `album_id`, `media_id`) VALUES ('69', '69', '69');
INSERT INTO `photos` (`id`, `album_id`, `media_id`) VALUES ('70', '70', '70');
INSERT INTO `photos` (`id`, `album_id`, `media_id`) VALUES ('71', '71', '71');
INSERT INTO `photos` (`id`, `album_id`, `media_id`) VALUES ('72', '72', '72');
INSERT INTO `photos` (`id`, `album_id`, `media_id`) VALUES ('73', '73', '73');
INSERT INTO `photos` (`id`, `album_id`, `media_id`) VALUES ('74', '74', '74');
INSERT INTO `photos` (`id`, `album_id`, `media_id`) VALUES ('75', '75', '75');
INSERT INTO `photos` (`id`, `album_id`, `media_id`) VALUES ('76', '76', '76');
INSERT INTO `photos` (`id`, `album_id`, `media_id`) VALUES ('77', '77', '77');
INSERT INTO `photos` (`id`, `album_id`, `media_id`) VALUES ('78', '78', '78');
INSERT INTO `photos` (`id`, `album_id`, `media_id`) VALUES ('79', '79', '79');
INSERT INTO `photos` (`id`, `album_id`, `media_id`) VALUES ('80', '80', '80');
INSERT INTO `photos` (`id`, `album_id`, `media_id`) VALUES ('81', '81', '81');
INSERT INTO `photos` (`id`, `album_id`, `media_id`) VALUES ('82', '82', '82');
INSERT INTO `photos` (`id`, `album_id`, `media_id`) VALUES ('83', '83', '83');
INSERT INTO `photos` (`id`, `album_id`, `media_id`) VALUES ('84', '84', '84');
INSERT INTO `photos` (`id`, `album_id`, `media_id`) VALUES ('85', '85', '85');
INSERT INTO `photos` (`id`, `album_id`, `media_id`) VALUES ('86', '86', '86');
INSERT INTO `photos` (`id`, `album_id`, `media_id`) VALUES ('87', '87', '87');
INSERT INTO `photos` (`id`, `album_id`, `media_id`) VALUES ('88', '88', '88');
INSERT INTO `photos` (`id`, `album_id`, `media_id`) VALUES ('89', '89', '89');
INSERT INTO `photos` (`id`, `album_id`, `media_id`) VALUES ('90', '90', '90');
INSERT INTO `photos` (`id`, `album_id`, `media_id`) VALUES ('91', '91', '91');
INSERT INTO `photos` (`id`, `album_id`, `media_id`) VALUES ('92', '92', '92');
INSERT INTO `photos` (`id`, `album_id`, `media_id`) VALUES ('93', '93', '93');
INSERT INTO `photos` (`id`, `album_id`, `media_id`) VALUES ('94', '94', '94');
INSERT INTO `photos` (`id`, `album_id`, `media_id`) VALUES ('95', '95', '95');
INSERT INTO `photos` (`id`, `album_id`, `media_id`) VALUES ('96', '96', '96');
INSERT INTO `photos` (`id`, `album_id`, `media_id`) VALUES ('97', '97', '97');
INSERT INTO `photos` (`id`, `album_id`, `media_id`) VALUES ('98', '98', '98');
INSERT INTO `photos` (`id`, `album_id`, `media_id`) VALUES ('99', '99', '99');
INSERT INTO `photos` (`id`, `album_id`, `media_id`) VALUES ('100', '100', '100');


#
# TABLE STRUCTURE FOR: profiles
#

DROP TABLE IF EXISTS `profiles`;

CREATE TABLE `profiles` (
  `user_id` bigint(20) unsigned NOT NULL AUTO_INCREMENT,
  `gender` char(1) COLLATE utf8_unicode_ci DEFAULT NULL,
  `birthday` date DEFAULT NULL,
  `photo_id` bigint(20) unsigned DEFAULT NULL,
  `created_at` datetime DEFAULT current_timestamp(),
  `hometown` varchar(100) COLLATE utf8_unicode_ci DEFAULT NULL,
  PRIMARY KEY (`user_id`),
  CONSTRAINT `profiles_ibfk_1` FOREIGN KEY (`user_id`) REFERENCES `users` (`id`) ON UPDATE CASCADE
) ENGINE=InnoDB AUTO_INCREMENT=101 DEFAULT CHARSET=utf8 COLLATE=utf8_unicode_ci;

INSERT INTO `profiles` (`user_id`, `gender`, `birthday`, `photo_id`, `created_at`, `hometown`) VALUES ('1', NULL, '2005-10-27', '1', '2019-03-02 20:15:52', NULL);
INSERT INTO `profiles` (`user_id`, `gender`, `birthday`, `photo_id`, `created_at`, `hometown`) VALUES ('2', NULL, '1972-05-28', '2', '1970-06-22 03:47:59', NULL);
INSERT INTO `profiles` (`user_id`, `gender`, `birthday`, `photo_id`, `created_at`, `hometown`) VALUES ('3', NULL, '2006-04-15', '3', '1981-11-13 05:04:28', NULL);
INSERT INTO `profiles` (`user_id`, `gender`, `birthday`, `photo_id`, `created_at`, `hometown`) VALUES ('4', NULL, '1999-10-08', '4', '1984-10-15 10:18:01', NULL);
INSERT INTO `profiles` (`user_id`, `gender`, `birthday`, `photo_id`, `created_at`, `hometown`) VALUES ('5', NULL, '1982-10-27', '5', '1978-08-11 14:12:52', NULL);
INSERT INTO `profiles` (`user_id`, `gender`, `birthday`, `photo_id`, `created_at`, `hometown`) VALUES ('6', NULL, '1990-11-16', '6', '2007-09-02 16:12:51', NULL);
INSERT INTO `profiles` (`user_id`, `gender`, `birthday`, `photo_id`, `created_at`, `hometown`) VALUES ('7', NULL, '2002-02-26', '7', '1997-03-07 04:43:28', NULL);
INSERT INTO `profiles` (`user_id`, `gender`, `birthday`, `photo_id`, `created_at`, `hometown`) VALUES ('8', NULL, '2006-05-30', '8', '1985-01-05 13:53:13', NULL);
INSERT INTO `profiles` (`user_id`, `gender`, `birthday`, `photo_id`, `created_at`, `hometown`) VALUES ('9', NULL, '2000-10-24', '9', '2015-08-18 00:57:04', NULL);
INSERT INTO `profiles` (`user_id`, `gender`, `birthday`, `photo_id`, `created_at`, `hometown`) VALUES ('10', NULL, '1974-08-13', '10', '2015-11-21 15:31:47', NULL);
INSERT INTO `profiles` (`user_id`, `gender`, `birthday`, `photo_id`, `created_at`, `hometown`) VALUES ('11', NULL, '2017-07-27', '11', '2006-07-21 14:01:41', NULL);
INSERT INTO `profiles` (`user_id`, `gender`, `birthday`, `photo_id`, `created_at`, `hometown`) VALUES ('12', NULL, '1984-05-09', '12', '1978-06-05 07:04:02', NULL);
INSERT INTO `profiles` (`user_id`, `gender`, `birthday`, `photo_id`, `created_at`, `hometown`) VALUES ('13', NULL, '1993-03-01', '13', '2006-08-04 21:22:37', NULL);
INSERT INTO `profiles` (`user_id`, `gender`, `birthday`, `photo_id`, `created_at`, `hometown`) VALUES ('14', NULL, '1977-08-07', '14', '2015-12-18 17:12:49', NULL);
INSERT INTO `profiles` (`user_id`, `gender`, `birthday`, `photo_id`, `created_at`, `hometown`) VALUES ('15', NULL, '2009-09-04', '15', '1996-11-20 22:31:38', NULL);
INSERT INTO `profiles` (`user_id`, `gender`, `birthday`, `photo_id`, `created_at`, `hometown`) VALUES ('16', NULL, '2016-07-11', '16', '1994-05-30 23:06:39', NULL);
INSERT INTO `profiles` (`user_id`, `gender`, `birthday`, `photo_id`, `created_at`, `hometown`) VALUES ('17', NULL, '2015-07-31', '17', '2014-01-17 06:57:31', NULL);
INSERT INTO `profiles` (`user_id`, `gender`, `birthday`, `photo_id`, `created_at`, `hometown`) VALUES ('18', NULL, '1972-12-17', '18', '1999-02-24 14:42:15', NULL);
INSERT INTO `profiles` (`user_id`, `gender`, `birthday`, `photo_id`, `created_at`, `hometown`) VALUES ('19', NULL, '1987-07-25', '19', '1991-01-12 03:37:45', NULL);
INSERT INTO `profiles` (`user_id`, `gender`, `birthday`, `photo_id`, `created_at`, `hometown`) VALUES ('20', NULL, '1973-01-25', '20', '1980-02-21 00:09:20', NULL);
INSERT INTO `profiles` (`user_id`, `gender`, `birthday`, `photo_id`, `created_at`, `hometown`) VALUES ('21', NULL, '1974-11-08', '21', '2018-06-28 06:11:44', NULL);
INSERT INTO `profiles` (`user_id`, `gender`, `birthday`, `photo_id`, `created_at`, `hometown`) VALUES ('22', NULL, '1979-05-21', '22', '1998-02-04 18:28:46', NULL);
INSERT INTO `profiles` (`user_id`, `gender`, `birthday`, `photo_id`, `created_at`, `hometown`) VALUES ('23', NULL, '2010-02-24', '23', '1994-10-28 17:09:44', NULL);
INSERT INTO `profiles` (`user_id`, `gender`, `birthday`, `photo_id`, `created_at`, `hometown`) VALUES ('24', NULL, '1991-05-07', '24', '1997-08-14 06:36:34', NULL);
INSERT INTO `profiles` (`user_id`, `gender`, `birthday`, `photo_id`, `created_at`, `hometown`) VALUES ('25', NULL, '1979-01-29', '25', '2007-10-13 20:50:51', NULL);
INSERT INTO `profiles` (`user_id`, `gender`, `birthday`, `photo_id`, `created_at`, `hometown`) VALUES ('26', NULL, '2003-04-09', '26', '2008-04-15 02:17:06', NULL);
INSERT INTO `profiles` (`user_id`, `gender`, `birthday`, `photo_id`, `created_at`, `hometown`) VALUES ('27', NULL, '1982-09-30', '27', '2012-06-13 06:27:34', NULL);
INSERT INTO `profiles` (`user_id`, `gender`, `birthday`, `photo_id`, `created_at`, `hometown`) VALUES ('28', NULL, '1989-01-28', '28', '2005-01-11 21:37:35', NULL);
INSERT INTO `profiles` (`user_id`, `gender`, `birthday`, `photo_id`, `created_at`, `hometown`) VALUES ('29', NULL, '1999-12-07', '29', '2002-09-29 20:46:32', NULL);
INSERT INTO `profiles` (`user_id`, `gender`, `birthday`, `photo_id`, `created_at`, `hometown`) VALUES ('30', NULL, '1988-05-31', '30', '1980-03-13 09:12:13', NULL);
INSERT INTO `profiles` (`user_id`, `gender`, `birthday`, `photo_id`, `created_at`, `hometown`) VALUES ('31', NULL, '1989-10-09', '31', '2010-01-21 11:18:12', NULL);
INSERT INTO `profiles` (`user_id`, `gender`, `birthday`, `photo_id`, `created_at`, `hometown`) VALUES ('32', NULL, '2004-01-19', '32', '1976-04-14 11:23:40', NULL);
INSERT INTO `profiles` (`user_id`, `gender`, `birthday`, `photo_id`, `created_at`, `hometown`) VALUES ('33', NULL, '2005-09-29', '33', '1984-08-15 22:42:38', NULL);
INSERT INTO `profiles` (`user_id`, `gender`, `birthday`, `photo_id`, `created_at`, `hometown`) VALUES ('34', NULL, '2011-08-26', '34', '2015-07-12 07:58:05', NULL);
INSERT INTO `profiles` (`user_id`, `gender`, `birthday`, `photo_id`, `created_at`, `hometown`) VALUES ('35', NULL, '1979-01-23', '35', '1989-12-12 01:49:23', NULL);
INSERT INTO `profiles` (`user_id`, `gender`, `birthday`, `photo_id`, `created_at`, `hometown`) VALUES ('36', NULL, '2007-08-01', '36', '2015-09-11 10:39:30', NULL);
INSERT INTO `profiles` (`user_id`, `gender`, `birthday`, `photo_id`, `created_at`, `hometown`) VALUES ('37', NULL, '1988-02-03', '37', '2003-08-01 00:51:52', NULL);
INSERT INTO `profiles` (`user_id`, `gender`, `birthday`, `photo_id`, `created_at`, `hometown`) VALUES ('38', NULL, '2009-08-20', '38', '1986-03-10 23:44:12', NULL);
INSERT INTO `profiles` (`user_id`, `gender`, `birthday`, `photo_id`, `created_at`, `hometown`) VALUES ('39', NULL, '1974-10-20', '39', '2003-09-29 04:36:13', NULL);
INSERT INTO `profiles` (`user_id`, `gender`, `birthday`, `photo_id`, `created_at`, `hometown`) VALUES ('40', NULL, '1978-09-21', '40', '1975-03-17 14:07:44', NULL);
INSERT INTO `profiles` (`user_id`, `gender`, `birthday`, `photo_id`, `created_at`, `hometown`) VALUES ('41', NULL, '2000-01-28', '41', '1983-10-10 04:56:26', NULL);
INSERT INTO `profiles` (`user_id`, `gender`, `birthday`, `photo_id`, `created_at`, `hometown`) VALUES ('42', NULL, '2015-05-19', '42', '2015-05-10 20:12:35', NULL);
INSERT INTO `profiles` (`user_id`, `gender`, `birthday`, `photo_id`, `created_at`, `hometown`) VALUES ('43', NULL, '1988-08-07', '43', '2007-07-12 10:56:14', NULL);
INSERT INTO `profiles` (`user_id`, `gender`, `birthday`, `photo_id`, `created_at`, `hometown`) VALUES ('44', NULL, '1984-01-03', '44', '2018-01-18 02:33:08', NULL);
INSERT INTO `profiles` (`user_id`, `gender`, `birthday`, `photo_id`, `created_at`, `hometown`) VALUES ('45', NULL, '1981-08-22', '45', '1996-07-10 01:35:31', NULL);
INSERT INTO `profiles` (`user_id`, `gender`, `birthday`, `photo_id`, `created_at`, `hometown`) VALUES ('46', NULL, '2002-01-11', '46', '1971-05-20 11:31:33', NULL);
INSERT INTO `profiles` (`user_id`, `gender`, `birthday`, `photo_id`, `created_at`, `hometown`) VALUES ('47', NULL, '2015-05-06', '47', '1974-04-15 15:00:54', NULL);
INSERT INTO `profiles` (`user_id`, `gender`, `birthday`, `photo_id`, `created_at`, `hometown`) VALUES ('48', NULL, '2015-08-07', '48', '1998-02-07 07:49:58', NULL);
INSERT INTO `profiles` (`user_id`, `gender`, `birthday`, `photo_id`, `created_at`, `hometown`) VALUES ('49', NULL, '2011-04-08', '49', '1973-07-23 15:06:21', NULL);
INSERT INTO `profiles` (`user_id`, `gender`, `birthday`, `photo_id`, `created_at`, `hometown`) VALUES ('50', NULL, '1979-09-17', '50', '1991-08-02 01:09:09', NULL);
INSERT INTO `profiles` (`user_id`, `gender`, `birthday`, `photo_id`, `created_at`, `hometown`) VALUES ('51', NULL, '1974-07-01', '51', '2012-06-29 07:08:59', NULL);
INSERT INTO `profiles` (`user_id`, `gender`, `birthday`, `photo_id`, `created_at`, `hometown`) VALUES ('52', NULL, '2009-11-28', '52', '2006-10-04 12:30:21', NULL);
INSERT INTO `profiles` (`user_id`, `gender`, `birthday`, `photo_id`, `created_at`, `hometown`) VALUES ('53', NULL, '1987-11-02', '53', '1985-01-05 13:15:32', NULL);
INSERT INTO `profiles` (`user_id`, `gender`, `birthday`, `photo_id`, `created_at`, `hometown`) VALUES ('54', NULL, '1985-07-13', '54', '2001-08-31 07:48:49', NULL);
INSERT INTO `profiles` (`user_id`, `gender`, `birthday`, `photo_id`, `created_at`, `hometown`) VALUES ('55', NULL, '1989-11-23', '55', '2016-09-25 10:59:59', NULL);
INSERT INTO `profiles` (`user_id`, `gender`, `birthday`, `photo_id`, `created_at`, `hometown`) VALUES ('56', NULL, '1988-12-17', '56', '2005-06-25 21:27:21', NULL);
INSERT INTO `profiles` (`user_id`, `gender`, `birthday`, `photo_id`, `created_at`, `hometown`) VALUES ('57', NULL, '1972-02-01', '57', '2011-08-29 18:20:28', NULL);
INSERT INTO `profiles` (`user_id`, `gender`, `birthday`, `photo_id`, `created_at`, `hometown`) VALUES ('58', NULL, '1990-01-02', '58', '2013-01-15 10:33:07', NULL);
INSERT INTO `profiles` (`user_id`, `gender`, `birthday`, `photo_id`, `created_at`, `hometown`) VALUES ('59', NULL, '2000-08-04', '59', '1983-07-29 22:04:49', NULL);
INSERT INTO `profiles` (`user_id`, `gender`, `birthday`, `photo_id`, `created_at`, `hometown`) VALUES ('60', NULL, '1971-10-13', '60', '1994-06-17 22:54:09', NULL);
INSERT INTO `profiles` (`user_id`, `gender`, `birthday`, `photo_id`, `created_at`, `hometown`) VALUES ('61', NULL, '2009-07-25', '61', '1997-06-24 10:44:57', NULL);
INSERT INTO `profiles` (`user_id`, `gender`, `birthday`, `photo_id`, `created_at`, `hometown`) VALUES ('62', NULL, '1990-09-29', '62', '1985-04-10 09:41:31', NULL);
INSERT INTO `profiles` (`user_id`, `gender`, `birthday`, `photo_id`, `created_at`, `hometown`) VALUES ('63', NULL, '1999-11-23', '63', '2006-12-20 03:59:20', NULL);
INSERT INTO `profiles` (`user_id`, `gender`, `birthday`, `photo_id`, `created_at`, `hometown`) VALUES ('64', NULL, '1972-07-03', '64', '1987-08-19 01:30:00', NULL);
INSERT INTO `profiles` (`user_id`, `gender`, `birthday`, `photo_id`, `created_at`, `hometown`) VALUES ('65', NULL, '1993-09-22', '65', '1992-02-25 17:54:07', NULL);
INSERT INTO `profiles` (`user_id`, `gender`, `birthday`, `photo_id`, `created_at`, `hometown`) VALUES ('66', NULL, '2012-09-17', '66', '1981-10-04 10:45:10', NULL);
INSERT INTO `profiles` (`user_id`, `gender`, `birthday`, `photo_id`, `created_at`, `hometown`) VALUES ('67', NULL, '1985-11-28', '67', '1972-08-22 16:50:44', NULL);
INSERT INTO `profiles` (`user_id`, `gender`, `birthday`, `photo_id`, `created_at`, `hometown`) VALUES ('68', NULL, '2000-01-09', '68', '2000-12-12 19:21:28', NULL);
INSERT INTO `profiles` (`user_id`, `gender`, `birthday`, `photo_id`, `created_at`, `hometown`) VALUES ('69', NULL, '2006-05-06', '69', '1977-12-30 12:20:32', NULL);
INSERT INTO `profiles` (`user_id`, `gender`, `birthday`, `photo_id`, `created_at`, `hometown`) VALUES ('70', NULL, '1998-02-20', '70', '1998-03-01 12:45:02', NULL);
INSERT INTO `profiles` (`user_id`, `gender`, `birthday`, `photo_id`, `created_at`, `hometown`) VALUES ('71', NULL, '2001-12-08', '71', '1973-11-09 07:51:31', NULL);
INSERT INTO `profiles` (`user_id`, `gender`, `birthday`, `photo_id`, `created_at`, `hometown`) VALUES ('72', NULL, '1996-01-06', '72', '1993-05-15 21:23:21', NULL);
INSERT INTO `profiles` (`user_id`, `gender`, `birthday`, `photo_id`, `created_at`, `hometown`) VALUES ('73', NULL, '1990-02-27', '73', '2017-08-05 05:25:25', NULL);
INSERT INTO `profiles` (`user_id`, `gender`, `birthday`, `photo_id`, `created_at`, `hometown`) VALUES ('74', NULL, '2017-08-29', '74', '2018-10-20 04:56:41', NULL);
INSERT INTO `profiles` (`user_id`, `gender`, `birthday`, `photo_id`, `created_at`, `hometown`) VALUES ('75', NULL, '2014-12-01', '75', '2018-05-09 15:44:32', NULL);
INSERT INTO `profiles` (`user_id`, `gender`, `birthday`, `photo_id`, `created_at`, `hometown`) VALUES ('76', NULL, '2004-09-14', '76', '1977-03-06 12:00:23', NULL);
INSERT INTO `profiles` (`user_id`, `gender`, `birthday`, `photo_id`, `created_at`, `hometown`) VALUES ('77', NULL, '1995-11-01', '77', '1989-10-09 11:33:50', NULL);
INSERT INTO `profiles` (`user_id`, `gender`, `birthday`, `photo_id`, `created_at`, `hometown`) VALUES ('78', NULL, '1982-02-10', '78', '2005-03-08 02:37:39', NULL);
INSERT INTO `profiles` (`user_id`, `gender`, `birthday`, `photo_id`, `created_at`, `hometown`) VALUES ('79', NULL, '1981-06-07', '79', '2004-07-06 02:07:36', NULL);
INSERT INTO `profiles` (`user_id`, `gender`, `birthday`, `photo_id`, `created_at`, `hometown`) VALUES ('80', NULL, '1998-08-20', '80', '2014-05-29 00:10:09', NULL);
INSERT INTO `profiles` (`user_id`, `gender`, `birthday`, `photo_id`, `created_at`, `hometown`) VALUES ('81', NULL, '1979-06-11', '81', '1978-04-28 04:35:21', NULL);
INSERT INTO `profiles` (`user_id`, `gender`, `birthday`, `photo_id`, `created_at`, `hometown`) VALUES ('82', NULL, '1984-09-10', '82', '1979-03-26 12:37:50', NULL);
INSERT INTO `profiles` (`user_id`, `gender`, `birthday`, `photo_id`, `created_at`, `hometown`) VALUES ('83', NULL, '1971-08-17', '83', '1983-10-06 18:32:28', NULL);
INSERT INTO `profiles` (`user_id`, `gender`, `birthday`, `photo_id`, `created_at`, `hometown`) VALUES ('84', NULL, '1992-05-24', '84', '2016-03-05 09:11:56', NULL);
INSERT INTO `profiles` (`user_id`, `gender`, `birthday`, `photo_id`, `created_at`, `hometown`) VALUES ('85', NULL, '2005-09-05', '85', '1998-07-06 13:27:21', NULL);
INSERT INTO `profiles` (`user_id`, `gender`, `birthday`, `photo_id`, `created_at`, `hometown`) VALUES ('86', NULL, '1990-12-21', '86', '2005-06-27 20:20:22', NULL);
INSERT INTO `profiles` (`user_id`, `gender`, `birthday`, `photo_id`, `created_at`, `hometown`) VALUES ('87', NULL, '1982-10-25', '87', '1974-11-16 10:32:49', NULL);
INSERT INTO `profiles` (`user_id`, `gender`, `birthday`, `photo_id`, `created_at`, `hometown`) VALUES ('88', NULL, '1974-07-30', '88', '1974-06-14 06:15:34', NULL);
INSERT INTO `profiles` (`user_id`, `gender`, `birthday`, `photo_id`, `created_at`, `hometown`) VALUES ('89', NULL, '2004-03-26', '89', '2002-03-08 12:18:21', NULL);
INSERT INTO `profiles` (`user_id`, `gender`, `birthday`, `photo_id`, `created_at`, `hometown`) VALUES ('90', NULL, '1986-08-08', '90', '2013-09-22 09:03:32', NULL);
INSERT INTO `profiles` (`user_id`, `gender`, `birthday`, `photo_id`, `created_at`, `hometown`) VALUES ('91', NULL, '1986-02-03', '91', '1999-09-23 12:19:37', NULL);
INSERT INTO `profiles` (`user_id`, `gender`, `birthday`, `photo_id`, `created_at`, `hometown`) VALUES ('92', NULL, '1992-02-05', '92', '1994-02-25 00:04:17', NULL);
INSERT INTO `profiles` (`user_id`, `gender`, `birthday`, `photo_id`, `created_at`, `hometown`) VALUES ('93', NULL, '1973-08-09', '93', '2012-03-09 16:28:51', NULL);
INSERT INTO `profiles` (`user_id`, `gender`, `birthday`, `photo_id`, `created_at`, `hometown`) VALUES ('94', NULL, '1992-03-03', '94', '1990-05-31 06:48:08', NULL);
INSERT INTO `profiles` (`user_id`, `gender`, `birthday`, `photo_id`, `created_at`, `hometown`) VALUES ('95', NULL, '1988-09-05', '95', '1986-06-05 05:40:03', NULL);
INSERT INTO `profiles` (`user_id`, `gender`, `birthday`, `photo_id`, `created_at`, `hometown`) VALUES ('96', NULL, '1973-03-19', '96', '1980-09-22 14:12:45', NULL);
INSERT INTO `profiles` (`user_id`, `gender`, `birthday`, `photo_id`, `created_at`, `hometown`) VALUES ('97', NULL, '2006-05-13', '97', '2012-05-26 16:19:48', NULL);
INSERT INTO `profiles` (`user_id`, `gender`, `birthday`, `photo_id`, `created_at`, `hometown`) VALUES ('98', NULL, '2000-04-07', '98', '2011-03-12 04:56:34', NULL);
INSERT INTO `profiles` (`user_id`, `gender`, `birthday`, `photo_id`, `created_at`, `hometown`) VALUES ('99', NULL, '1995-05-22', '99', '1972-04-16 15:30:10', NULL);
INSERT INTO `profiles` (`user_id`, `gender`, `birthday`, `photo_id`, `created_at`, `hometown`) VALUES ('100', NULL, '1994-11-27', '100', '2009-03-29 00:56:04', NULL);


#
# TABLE STRUCTURE FOR: users
#

DROP TABLE IF EXISTS `users`;

CREATE TABLE `users` (
  `id` bigint(20) unsigned NOT NULL AUTO_INCREMENT,
  `firstname` varchar(50) COLLATE utf8_unicode_ci DEFAULT NULL,
  `lastname` varchar(50) COLLATE utf8_unicode_ci DEFAULT NULL COMMENT '',
  `email` varchar(120) COLLATE utf8_unicode_ci DEFAULT NULL,
  `phone` bigint(20) DEFAULT NULL,
  PRIMARY KEY (`id`),
  UNIQUE KEY `email` (`email`),
  KEY `users_phone_idx` (`phone`),
  KEY `users_firstname_lastname_idx` (`firstname`,`lastname`)
) ENGINE=InnoDB AUTO_INCREMENT=101 DEFAULT CHARSET=utf8 COLLATE=utf8_unicode_ci;

INSERT INTO `users` (`id`, `firstname`, `lastname`, `email`, `phone`) VALUES ('1', 'Constantin', 'Wisozk', 'carroll.malvina@example.com', '0');
INSERT INTO `users` (`id`, `firstname`, `lastname`, `email`, `phone`) VALUES ('2', 'Rosalia', 'Nikolaus', 'darrion.schmidt@example.net', '60');
INSERT INTO `users` (`id`, `firstname`, `lastname`, `email`, `phone`) VALUES ('3', 'Deshaun', 'Aufderhar', 'wiza.annalise@example.org', '88');
INSERT INTO `users` (`id`, `firstname`, `lastname`, `email`, `phone`) VALUES ('4', 'Catalina', 'Will', 'sheldon.gerlach@example.com', '217');
INSERT INTO `users` (`id`, `firstname`, `lastname`, `email`, `phone`) VALUES ('5', 'Amos', 'Cartwright', 'brett92@example.com', '751');
INSERT INTO `users` (`id`, `firstname`, `lastname`, `email`, `phone`) VALUES ('6', 'Lisandro', 'Welch', 'evans.nolan@example.com', '931457');
INSERT INTO `users` (`id`, `firstname`, `lastname`, `email`, `phone`) VALUES ('7', 'Elta', 'Yost', 'nienow.cheyanne@example.net', '0');
INSERT INTO `users` (`id`, `firstname`, `lastname`, `email`, `phone`) VALUES ('8', 'Mina', 'Corkery', 'mschumm@example.org', '1');
INSERT INTO `users` (`id`, `firstname`, `lastname`, `email`, `phone`) VALUES ('9', 'Jaleel', 'Friesen', 'della43@example.com', '905');
INSERT INTO `users` (`id`, `firstname`, `lastname`, `email`, `phone`) VALUES ('10', 'Adella', 'West', 'mossie.durgan@example.org', '1018003094');
INSERT INTO `users` (`id`, `firstname`, `lastname`, `email`, `phone`) VALUES ('11', 'Kenton', 'Upton', 'adrienne.senger@example.net', '0');
INSERT INTO `users` (`id`, `firstname`, `lastname`, `email`, `phone`) VALUES ('12', 'Rae', 'Trantow', 'concepcion29@example.org', '1');
INSERT INTO `users` (`id`, `firstname`, `lastname`, `email`, `phone`) VALUES ('13', 'Leonardo', 'Stokes', 'ova.dooley@example.com', '0');
INSERT INTO `users` (`id`, `firstname`, `lastname`, `email`, `phone`) VALUES ('14', 'Berniece', 'Kulas', 'mwalsh@example.net', '820217');
INSERT INTO `users` (`id`, `firstname`, `lastname`, `email`, `phone`) VALUES ('15', 'Dayna', 'Klein', 'concepcion.ondricka@example.com', '284673');
INSERT INTO `users` (`id`, `firstname`, `lastname`, `email`, `phone`) VALUES ('16', 'Brendan', 'Kunze', 'breanna18@example.org', '1');
INSERT INTO `users` (`id`, `firstname`, `lastname`, `email`, `phone`) VALUES ('17', 'Everett', 'Goodwin', 'jamaal95@example.net', '786');
INSERT INTO `users` (`id`, `firstname`, `lastname`, `email`, `phone`) VALUES ('18', 'Lavon', 'Hirthe', 'arnaldo.mclaughlin@example.net', '70657');
INSERT INTO `users` (`id`, `firstname`, `lastname`, `email`, `phone`) VALUES ('19', 'Dejuan', 'Abbott', 'waelchi.mia@example.net', '847247');
INSERT INTO `users` (`id`, `firstname`, `lastname`, `email`, `phone`) VALUES ('20', 'Walker', 'Mann', 'octavia09@example.org', '0');
INSERT INTO `users` (`id`, `firstname`, `lastname`, `email`, `phone`) VALUES ('21', 'Elva', 'Schuster', 'nleffler@example.net', '535218');
INSERT INTO `users` (`id`, `firstname`, `lastname`, `email`, `phone`) VALUES ('22', 'Adelbert', 'Hoppe', 'taurean71@example.com', '1');
INSERT INTO `users` (`id`, `firstname`, `lastname`, `email`, `phone`) VALUES ('23', 'Gregory', 'Braun', 'auer.hadley@example.net', '232685');
INSERT INTO `users` (`id`, `firstname`, `lastname`, `email`, `phone`) VALUES ('24', 'Ted', 'McCullough', 'steuber.ralph@example.net', '111');
INSERT INTO `users` (`id`, `firstname`, `lastname`, `email`, `phone`) VALUES ('25', 'Percy', 'Graham', 'huel.abraham@example.com', '230428');
INSERT INTO `users` (`id`, `firstname`, `lastname`, `email`, `phone`) VALUES ('26', 'Geovanny', 'Nikolaus', 'cathrine53@example.net', '1');
INSERT INTO `users` (`id`, `firstname`, `lastname`, `email`, `phone`) VALUES ('27', 'Natalie', 'Heller', 'sabina.halvorson@example.org', '814');
INSERT INTO `users` (`id`, `firstname`, `lastname`, `email`, `phone`) VALUES ('28', 'Lyla', 'Kunze', 'jaylan.batz@example.com', '16');
INSERT INTO `users` (`id`, `firstname`, `lastname`, `email`, `phone`) VALUES ('29', 'Hallie', 'Bergnaum', 'ttorphy@example.org', '52400');
INSERT INTO `users` (`id`, `firstname`, `lastname`, `email`, `phone`) VALUES ('30', 'Vidal', 'Grady', 'kpouros@example.org', '0');
INSERT INTO `users` (`id`, `firstname`, `lastname`, `email`, `phone`) VALUES ('31', 'Eladio', 'Green', 'destiney.littel@example.net', '5224438435');
INSERT INTO `users` (`id`, `firstname`, `lastname`, `email`, `phone`) VALUES ('32', 'Samson', 'Collier', 'senger.weston@example.org', '0');
INSERT INTO `users` (`id`, `firstname`, `lastname`, `email`, `phone`) VALUES ('33', 'Neva', 'Baumbach', 'kreiger.wilfredo@example.com', '499');
INSERT INTO `users` (`id`, `firstname`, `lastname`, `email`, `phone`) VALUES ('34', 'Judy', 'Cronin', 'avis91@example.org', '594223');
INSERT INTO `users` (`id`, `firstname`, `lastname`, `email`, `phone`) VALUES ('35', 'Michelle', 'Waelchi', 'henderson.d\'amore@example.com', '6');
INSERT INTO `users` (`id`, `firstname`, `lastname`, `email`, `phone`) VALUES ('36', 'Aileen', 'Ratke', 'santos20@example.net', '49');
INSERT INTO `users` (`id`, `firstname`, `lastname`, `email`, `phone`) VALUES ('37', 'Barbara', 'Goldner', 'eusebio.johnston@example.com', '78');
INSERT INTO `users` (`id`, `firstname`, `lastname`, `email`, `phone`) VALUES ('38', 'Kitty', 'Jacobi', 'lauren70@example.org', '558397');
INSERT INTO `users` (`id`, `firstname`, `lastname`, `email`, `phone`) VALUES ('39', 'Joanny', 'Johnson', 'braxton26@example.net', '1');
INSERT INTO `users` (`id`, `firstname`, `lastname`, `email`, `phone`) VALUES ('40', 'Mitchell', 'Wisozk', 'elmo67@example.org', '848');
INSERT INTO `users` (`id`, `firstname`, `lastname`, `email`, `phone`) VALUES ('41', 'Josue', 'Wintheiser', 'ihintz@example.org', '462218');
INSERT INTO `users` (`id`, `firstname`, `lastname`, `email`, `phone`) VALUES ('42', 'Abraham', 'McGlynn', 'valtenwerth@example.org', '1');
INSERT INTO `users` (`id`, `firstname`, `lastname`, `email`, `phone`) VALUES ('43', 'Ashton', 'Von', 'millie01@example.net', '449');
INSERT INTO `users` (`id`, `firstname`, `lastname`, `email`, `phone`) VALUES ('44', 'Nia', 'Ryan', 'henri95@example.com', '693');
INSERT INTO `users` (`id`, `firstname`, `lastname`, `email`, `phone`) VALUES ('45', 'Trevor', 'Considine', 'natasha.waelchi@example.org', '611114');
INSERT INTO `users` (`id`, `firstname`, `lastname`, `email`, `phone`) VALUES ('46', 'Marlin', 'Gerhold', 'hhammes@example.org', '0');
INSERT INTO `users` (`id`, `firstname`, `lastname`, `email`, `phone`) VALUES ('47', 'Rosa', 'Turcotte', 'christelle76@example.net', '1');
INSERT INTO `users` (`id`, `firstname`, `lastname`, `email`, `phone`) VALUES ('48', 'Raymundo', 'Davis', 'zhuel@example.com', '1');
INSERT INTO `users` (`id`, `firstname`, `lastname`, `email`, `phone`) VALUES ('49', 'Wilfrid', 'Kunze', 'anissa82@example.com', '41452');
INSERT INTO `users` (`id`, `firstname`, `lastname`, `email`, `phone`) VALUES ('50', 'Viva', 'Wilderman', 'fausto77@example.net', '1');
INSERT INTO `users` (`id`, `firstname`, `lastname`, `email`, `phone`) VALUES ('51', 'Marianna', 'Schroeder', 'bergstrom.freeda@example.org', '164197');
INSERT INTO `users` (`id`, `firstname`, `lastname`, `email`, `phone`) VALUES ('52', 'Luther', 'Graham', 'ella.lind@example.net', '6313493242');
INSERT INTO `users` (`id`, `firstname`, `lastname`, `email`, `phone`) VALUES ('53', 'Savanah', 'Robel', 'feest.alexane@example.com', '119616');
INSERT INTO `users` (`id`, `firstname`, `lastname`, `email`, `phone`) VALUES ('54', 'Mohamed', 'Champlin', 'rashad33@example.org', '0');
INSERT INTO `users` (`id`, `firstname`, `lastname`, `email`, `phone`) VALUES ('55', 'Zack', 'Jaskolski', 'minerva68@example.net', '930');
INSERT INTO `users` (`id`, `firstname`, `lastname`, `email`, `phone`) VALUES ('56', 'Remington', 'Mitchell', 'mkub@example.org', '714384');
INSERT INTO `users` (`id`, `firstname`, `lastname`, `email`, `phone`) VALUES ('57', 'Angie', 'Considine', 'mwuckert@example.net', '1');
INSERT INTO `users` (`id`, `firstname`, `lastname`, `email`, `phone`) VALUES ('58', 'Verda', 'King', 'liana51@example.org', '0');
INSERT INTO `users` (`id`, `firstname`, `lastname`, `email`, `phone`) VALUES ('59', 'Alex', 'Heaney', 'pfeffer.celestine@example.net', '962');
INSERT INTO `users` (`id`, `firstname`, `lastname`, `email`, `phone`) VALUES ('60', 'Rebeca', 'Hegmann', 'kris.cleta@example.org', '0');
INSERT INTO `users` (`id`, `firstname`, `lastname`, `email`, `phone`) VALUES ('61', 'Jocelyn', 'Gutkowski', 'daron55@example.net', '85');
INSERT INTO `users` (`id`, `firstname`, `lastname`, `email`, `phone`) VALUES ('62', 'Loy', 'Wilkinson', 'johan.bogan@example.com', '3646960540');
INSERT INTO `users` (`id`, `firstname`, `lastname`, `email`, `phone`) VALUES ('63', 'Carolyn', 'Beer', 'austin.kreiger@example.org', '101');
INSERT INTO `users` (`id`, `firstname`, `lastname`, `email`, `phone`) VALUES ('64', 'Helene', 'Kovacek', 'pfeffer.armando@example.com', '923');
INSERT INTO `users` (`id`, `firstname`, `lastname`, `email`, `phone`) VALUES ('65', 'Trinity', 'Green', 'percival.cassin@example.com', '941838');
INSERT INTO `users` (`id`, `firstname`, `lastname`, `email`, `phone`) VALUES ('66', 'Bernita', 'Haley', 'quigley.tess@example.org', '0');
INSERT INTO `users` (`id`, `firstname`, `lastname`, `email`, `phone`) VALUES ('67', 'Nolan', 'Toy', 'kiana12@example.org', '259272');
INSERT INTO `users` (`id`, `firstname`, `lastname`, `email`, `phone`) VALUES ('68', 'Corene', 'Balistreri', 'shanna21@example.org', '740');
INSERT INTO `users` (`id`, `firstname`, `lastname`, `email`, `phone`) VALUES ('69', 'Mateo', 'Stoltenberg', 'mraz.lazaro@example.org', '0');
INSERT INTO `users` (`id`, `firstname`, `lastname`, `email`, `phone`) VALUES ('70', 'Ressie', 'Cummerata', 'wehner.kris@example.org', '10');
INSERT INTO `users` (`id`, `firstname`, `lastname`, `email`, `phone`) VALUES ('71', 'Vivianne', 'Deckow', 'qwhite@example.org', '0');
INSERT INTO `users` (`id`, `firstname`, `lastname`, `email`, `phone`) VALUES ('72', 'Scottie', 'McKenzie', 'maritza.schowalter@example.com', '673715');
INSERT INTO `users` (`id`, `firstname`, `lastname`, `email`, `phone`) VALUES ('73', 'Doris', 'Dibbert', 'brionna.mcglynn@example.org', '578300');
INSERT INTO `users` (`id`, `firstname`, `lastname`, `email`, `phone`) VALUES ('74', 'Estrella', 'O\'Conner', 'heidenreich.tina@example.net', '608');
INSERT INTO `users` (`id`, `firstname`, `lastname`, `email`, `phone`) VALUES ('75', 'Ernestine', 'Hackett', 'misty.rogahn@example.net', '0');
INSERT INTO `users` (`id`, `firstname`, `lastname`, `email`, `phone`) VALUES ('76', 'Brenden', 'Mitchell', 'kkassulke@example.net', '80');
INSERT INTO `users` (`id`, `firstname`, `lastname`, `email`, `phone`) VALUES ('77', 'Carrie', 'Lehner', 'king73@example.net', '1');
INSERT INTO `users` (`id`, `firstname`, `lastname`, `email`, `phone`) VALUES ('78', 'Paris', 'Ortiz', 'zconroy@example.org', '1');
INSERT INTO `users` (`id`, `firstname`, `lastname`, `email`, `phone`) VALUES ('79', 'Edgardo', 'Rutherford', 'damion.littel@example.net', '0');
INSERT INTO `users` (`id`, `firstname`, `lastname`, `email`, `phone`) VALUES ('80', 'Dudley', 'Ratke', 'karelle.erdman@example.org', '0');
INSERT INTO `users` (`id`, `firstname`, `lastname`, `email`, `phone`) VALUES ('81', 'Electa', 'Donnelly', 'casper.reed@example.org', '1');
INSERT INTO `users` (`id`, `firstname`, `lastname`, `email`, `phone`) VALUES ('82', 'Florence', 'O\'Connell', 'crooks.lizzie@example.org', '2283046497');
INSERT INTO `users` (`id`, `firstname`, `lastname`, `email`, `phone`) VALUES ('83', 'Luella', 'Rath', 'dena00@example.com', '729');
INSERT INTO `users` (`id`, `firstname`, `lastname`, `email`, `phone`) VALUES ('84', 'Brando', 'Herman', 'lynch.aliza@example.org', '6');
INSERT INTO `users` (`id`, `firstname`, `lastname`, `email`, `phone`) VALUES ('85', 'Myron', 'Goldner', 'bauch.chelsea@example.net', '1');
INSERT INTO `users` (`id`, `firstname`, `lastname`, `email`, `phone`) VALUES ('86', 'Lorine', 'Reichel', 'cremin.manuela@example.com', '13');
INSERT INTO `users` (`id`, `firstname`, `lastname`, `email`, `phone`) VALUES ('87', 'Tanner', 'Daugherty', 'colton.reichel@example.org', '0');
INSERT INTO `users` (`id`, `firstname`, `lastname`, `email`, `phone`) VALUES ('88', 'Sandra', 'Berge', 'annamarie80@example.net', '1');
INSERT INTO `users` (`id`, `firstname`, `lastname`, `email`, `phone`) VALUES ('89', 'Joanne', 'Watsica', 'ana.lubowitz@example.org', '0');
INSERT INTO `users` (`id`, `firstname`, `lastname`, `email`, `phone`) VALUES ('90', 'Shakira', 'Pouros', 'angie54@example.net', '2236625843');
INSERT INTO `users` (`id`, `firstname`, `lastname`, `email`, `phone`) VALUES ('91', 'Name', 'Walter', 'candice.mertz@example.org', '650988');
INSERT INTO `users` (`id`, `firstname`, `lastname`, `email`, `phone`) VALUES ('92', 'Erwin', 'Connelly', 'mkshlerin@example.com', '0');
INSERT INTO `users` (`id`, `firstname`, `lastname`, `email`, `phone`) VALUES ('93', 'Coby', 'Will', 'mckayla00@example.com', '64');
INSERT INTO `users` (`id`, `firstname`, `lastname`, `email`, `phone`) VALUES ('94', 'Stella', 'Haley', 'jennie44@example.com', '0');
INSERT INTO `users` (`id`, `firstname`, `lastname`, `email`, `phone`) VALUES ('95', 'Destiney', 'Rosenbaum', 'yessenia.marks@example.com', '1');
INSERT INTO `users` (`id`, `firstname`, `lastname`, `email`, `phone`) VALUES ('96', 'Pauline', 'Kuvalis', 'francisco.osinski@example.org', '948');
INSERT INTO `users` (`id`, `firstname`, `lastname`, `email`, `phone`) VALUES ('97', 'Madyson', 'Boyer', 'candida94@example.net', '29');
INSERT INTO `users` (`id`, `firstname`, `lastname`, `email`, `phone`) VALUES ('98', 'Demario', 'Moore', 'millie.mclaughlin@example.net', '0');
INSERT INTO `users` (`id`, `firstname`, `lastname`, `email`, `phone`) VALUES ('99', 'Ashly', 'Abshire', 'justice.bode@example.com', '767241');
INSERT INTO `users` (`id`, `firstname`, `lastname`, `email`, `phone`) VALUES ('100', 'Daisha', 'Carroll', 'haag.albina@example.org', '9368099102');


#
# TABLE STRUCTURE FOR: users_communities
#

DROP TABLE IF EXISTS `users_communities`;

CREATE TABLE `users_communities` (
  `user_id` bigint(20) unsigned NOT NULL,
  `community_id` bigint(20) unsigned NOT NULL,
  PRIMARY KEY (`user_id`,`community_id`),
  KEY `community_id` (`community_id`),
  CONSTRAINT `users_communities_ibfk_1` FOREIGN KEY (`user_id`) REFERENCES `users` (`id`),
  CONSTRAINT `users_communities_ibfk_2` FOREIGN KEY (`community_id`) REFERENCES `communities` (`id`)
) ENGINE=InnoDB DEFAULT CHARSET=utf8 COLLATE=utf8_unicode_ci;

INSERT INTO `users_communities` (`user_id`, `community_id`) VALUES ('1', '1');
INSERT INTO `users_communities` (`user_id`, `community_id`) VALUES ('2', '2');
INSERT INTO `users_communities` (`user_id`, `community_id`) VALUES ('3', '3');
INSERT INTO `users_communities` (`user_id`, `community_id`) VALUES ('4', '4');
INSERT INTO `users_communities` (`user_id`, `community_id`) VALUES ('5', '5');
INSERT INTO `users_communities` (`user_id`, `community_id`) VALUES ('6', '6');
INSERT INTO `users_communities` (`user_id`, `community_id`) VALUES ('7', '7');
INSERT INTO `users_communities` (`user_id`, `community_id`) VALUES ('8', '8');
INSERT INTO `users_communities` (`user_id`, `community_id`) VALUES ('9', '9');
INSERT INTO `users_communities` (`user_id`, `community_id`) VALUES ('10', '10');
INSERT INTO `users_communities` (`user_id`, `community_id`) VALUES ('11', '11');
INSERT INTO `users_communities` (`user_id`, `community_id`) VALUES ('12', '12');
INSERT INTO `users_communities` (`user_id`, `community_id`) VALUES ('13', '13');
INSERT INTO `users_communities` (`user_id`, `community_id`) VALUES ('14', '14');
INSERT INTO `users_communities` (`user_id`, `community_id`) VALUES ('15', '15');
INSERT INTO `users_communities` (`user_id`, `community_id`) VALUES ('16', '16');
INSERT INTO `users_communities` (`user_id`, `community_id`) VALUES ('17', '17');
INSERT INTO `users_communities` (`user_id`, `community_id`) VALUES ('18', '18');
INSERT INTO `users_communities` (`user_id`, `community_id`) VALUES ('19', '19');
INSERT INTO `users_communities` (`user_id`, `community_id`) VALUES ('20', '20');
INSERT INTO `users_communities` (`user_id`, `community_id`) VALUES ('21', '21');
INSERT INTO `users_communities` (`user_id`, `community_id`) VALUES ('22', '22');
INSERT INTO `users_communities` (`user_id`, `community_id`) VALUES ('23', '23');
INSERT INTO `users_communities` (`user_id`, `community_id`) VALUES ('24', '24');
INSERT INTO `users_communities` (`user_id`, `community_id`) VALUES ('25', '25');
INSERT INTO `users_communities` (`user_id`, `community_id`) VALUES ('26', '26');
INSERT INTO `users_communities` (`user_id`, `community_id`) VALUES ('27', '27');
INSERT INTO `users_communities` (`user_id`, `community_id`) VALUES ('28', '28');
INSERT INTO `users_communities` (`user_id`, `community_id`) VALUES ('29', '29');
INSERT INTO `users_communities` (`user_id`, `community_id`) VALUES ('30', '30');
INSERT INTO `users_communities` (`user_id`, `community_id`) VALUES ('31', '31');
INSERT INTO `users_communities` (`user_id`, `community_id`) VALUES ('32', '32');
INSERT INTO `users_communities` (`user_id`, `community_id`) VALUES ('33', '33');
INSERT INTO `users_communities` (`user_id`, `community_id`) VALUES ('34', '34');
INSERT INTO `users_communities` (`user_id`, `community_id`) VALUES ('35', '35');
INSERT INTO `users_communities` (`user_id`, `community_id`) VALUES ('36', '36');
INSERT INTO `users_communities` (`user_id`, `community_id`) VALUES ('37', '37');
INSERT INTO `users_communities` (`user_id`, `community_id`) VALUES ('38', '38');
INSERT INTO `users_communities` (`user_id`, `community_id`) VALUES ('39', '39');
INSERT INTO `users_communities` (`user_id`, `community_id`) VALUES ('40', '40');
INSERT INTO `users_communities` (`user_id`, `community_id`) VALUES ('41', '41');
INSERT INTO `users_communities` (`user_id`, `community_id`) VALUES ('42', '42');
INSERT INTO `users_communities` (`user_id`, `community_id`) VALUES ('43', '43');
INSERT INTO `users_communities` (`user_id`, `community_id`) VALUES ('44', '44');
INSERT INTO `users_communities` (`user_id`, `community_id`) VALUES ('45', '45');
INSERT INTO `users_communities` (`user_id`, `community_id`) VALUES ('46', '46');
INSERT INTO `users_communities` (`user_id`, `community_id`) VALUES ('47', '47');
INSERT INTO `users_communities` (`user_id`, `community_id`) VALUES ('48', '48');
INSERT INTO `users_communities` (`user_id`, `community_id`) VALUES ('49', '49');
INSERT INTO `users_communities` (`user_id`, `community_id`) VALUES ('50', '50');
INSERT INTO `users_communities` (`user_id`, `community_id`) VALUES ('51', '51');
INSERT INTO `users_communities` (`user_id`, `community_id`) VALUES ('52', '52');
INSERT INTO `users_communities` (`user_id`, `community_id`) VALUES ('53', '53');
INSERT INTO `users_communities` (`user_id`, `community_id`) VALUES ('54', '54');
INSERT INTO `users_communities` (`user_id`, `community_id`) VALUES ('55', '55');
INSERT INTO `users_communities` (`user_id`, `community_id`) VALUES ('56', '56');
INSERT INTO `users_communities` (`user_id`, `community_id`) VALUES ('57', '57');
INSERT INTO `users_communities` (`user_id`, `community_id`) VALUES ('58', '58');
INSERT INTO `users_communities` (`user_id`, `community_id`) VALUES ('59', '59');
INSERT INTO `users_communities` (`user_id`, `community_id`) VALUES ('60', '60');
INSERT INTO `users_communities` (`user_id`, `community_id`) VALUES ('61', '61');
INSERT INTO `users_communities` (`user_id`, `community_id`) VALUES ('62', '62');
INSERT INTO `users_communities` (`user_id`, `community_id`) VALUES ('63', '63');
INSERT INTO `users_communities` (`user_id`, `community_id`) VALUES ('64', '64');
INSERT INTO `users_communities` (`user_id`, `community_id`) VALUES ('65', '65');
INSERT INTO `users_communities` (`user_id`, `community_id`) VALUES ('66', '66');
INSERT INTO `users_communities` (`user_id`, `community_id`) VALUES ('67', '67');
INSERT INTO `users_communities` (`user_id`, `community_id`) VALUES ('68', '68');
INSERT INTO `users_communities` (`user_id`, `community_id`) VALUES ('69', '69');
INSERT INTO `users_communities` (`user_id`, `community_id`) VALUES ('70', '70');
INSERT INTO `users_communities` (`user_id`, `community_id`) VALUES ('71', '71');
INSERT INTO `users_communities` (`user_id`, `community_id`) VALUES ('72', '72');
INSERT INTO `users_communities` (`user_id`, `community_id`) VALUES ('73', '73');
INSERT INTO `users_communities` (`user_id`, `community_id`) VALUES ('74', '74');
INSERT INTO `users_communities` (`user_id`, `community_id`) VALUES ('75', '75');
INSERT INTO `users_communities` (`user_id`, `community_id`) VALUES ('76', '76');
INSERT INTO `users_communities` (`user_id`, `community_id`) VALUES ('77', '77');
INSERT INTO `users_communities` (`user_id`, `community_id`) VALUES ('78', '78');
INSERT INTO `users_communities` (`user_id`, `community_id`) VALUES ('79', '79');
INSERT INTO `users_communities` (`user_id`, `community_id`) VALUES ('80', '80');
INSERT INTO `users_communities` (`user_id`, `community_id`) VALUES ('81', '81');
INSERT INTO `users_communities` (`user_id`, `community_id`) VALUES ('82', '82');
INSERT INTO `users_communities` (`user_id`, `community_id`) VALUES ('83', '83');
INSERT INTO `users_communities` (`user_id`, `community_id`) VALUES ('84', '84');
INSERT INTO `users_communities` (`user_id`, `community_id`) VALUES ('85', '85');
INSERT INTO `users_communities` (`user_id`, `community_id`) VALUES ('86', '86');
INSERT INTO `users_communities` (`user_id`, `community_id`) VALUES ('87', '87');
INSERT INTO `users_communities` (`user_id`, `community_id`) VALUES ('88', '88');
INSERT INTO `users_communities` (`user_id`, `community_id`) VALUES ('89', '89');
INSERT INTO `users_communities` (`user_id`, `community_id`) VALUES ('90', '90');
INSERT INTO `users_communities` (`user_id`, `community_id`) VALUES ('91', '91');
INSERT INTO `users_communities` (`user_id`, `community_id`) VALUES ('92', '92');
INSERT INTO `users_communities` (`user_id`, `community_id`) VALUES ('93', '93');
INSERT INTO `users_communities` (`user_id`, `community_id`) VALUES ('94', '94');
INSERT INTO `users_communities` (`user_id`, `community_id`) VALUES ('95', '95');
INSERT INTO `users_communities` (`user_id`, `community_id`) VALUES ('96', '96');
INSERT INTO `users_communities` (`user_id`, `community_id`) VALUES ('97', '97');
INSERT INTO `users_communities` (`user_id`, `community_id`) VALUES ('98', '98');
INSERT INTO `users_communities` (`user_id`, `community_id`) VALUES ('99', '99');
INSERT INTO `users_communities` (`user_id`, `community_id`) VALUES ('100', '100');


